int(self),nb_people,self.time / #day,self.time / #minute
0,50,36.00069444444444,51841.0
1,50,36.00069444444444,51841.0
2,50,2.8333333333333335,4080.0
3,50,0.9590277777777778,1381.0
4,50,36.00069444444444,51841.0
5,50,9.729861111111111,14011.0
6,50,2.6527777777777777,3820.0
7,50,36.00069444444444,51841.0
8,50,0.13125,189.0
9,50,9.877083333333333,14223.0
10,70,23.333333333333332,33600.0
11,70,36.00069444444444,51841.0
12,70,1.7395833333333333,2505.0
13,70,3.785416666666667,5451.0
14,70,36.00069444444444,51841.0
15,70,36.00069444444444,51841.0
16,70,36.00069444444444,51841.0
17,70,15.474305555555556,22283.0
18,70,5.785416666666666,8331.0
19,70,1.6791666666666667,2418.0
20,90,36.00069444444444,51841.0
21,90,12.41875,17883.0
22,90,3.1597222222222223,4550.0
23,90,6.096527777777778,8779.0
24,90,5.477777777777778,7888.0
25,90,36.00069444444444,51841.0
26,90,17.038194444444443,24535.0
27,90,36.00069444444444,51841.0
28,90,32.9375,47430.0
29,90,0.14444444444444443,208.0
30,110,2.4381944444444446,3511.0
31,110,0.6840277777777778,985.0
32,110,10.885416666666666,15675.0
33,110,4.752777777777778,6844.0
34,110,3.4659722222222222,4991.0
35,110,10.066666666666666,14496.0
36,110,2.7555555555555555,3968.0
37,110,36.00069444444444,51841.0
38,110,12.33611111111111,17764.0
39,110,4.324305555555555,6227.0
40,130,8.031944444444445,11566.0
41,130,11.356944444444444,16354.0
42,130,1.1097222222222223,1598.0
43,130,1.6840277777777777,2425.0
44,130,36.00069444444444,51841.0
45,130,36.00069444444444,51841.0
46,130,0.7326388888888888,1055.0
47,130,0.33541666666666664,483.0
48,130,6.377777777777778,9184.0
49,130,4.001388888888889,5762.0
50,150,2.41875,3483.0
51,150,2.8680555555555554,4130.0
52,150,1.5534722222222221,2237.0
53,150,36.00069444444444,51841.0
54,150,3.140277777777778,4522.0
55,150,7.736111111111111,11140.0
56,150,7.709722222222222,11102.0
57,150,8.636805555555556,12437.0
58,150,0.3506944444444444,505.0
59,150,2.1006944444444446,3025.0
60,170,36.00069444444444,51841.0
61,170,4.840972222222222,6971.0
62,170,36.00069444444444,51841.0
63,170,1.6395833333333334,2361.0
64,170,11.347222222222221,16340.0
65,170,36.00069444444444,51841.0
66,170,3.5375,5094.0
67,170,6.0256944444444445,8677.0
68,170,0.8652777777777778,1246.0
69,170,0.11944444444444445,172.0
70,190,2.8375,4086.0
71,190,2.384027777777778,3433.0
72,190,3.561111111111111,5128.0
73,190,4.420138888888889,6365.0
74,190,0.26458333333333334,381.0
75,190,36.00069444444444,51841.0
76,190,36.00069444444444,51841.0
77,190,0.7923611111111111,1141.0
78,190,23.97222222222222,34520.0
79,190,36.00069444444444,51841.0
80,210,1.6833333333333333,2424.0
81,210,4.820833333333334,6942.0
82,210,0.03958333333333333,57.0
83,210,4.023611111111111,5794.0
84,210,7.31875,10539.0
85,210,36.00069444444444,51841.0
86,210,1.511111111111111,2176.0
87,210,1.3138888888888889,1892.0
88,210,2.347916666666667,3381.0
89,210,0.8451388888888889,1217.0
90,230,0.03194444444444444,46.0
91,230,1.1597222222222223,1670.0
92,230,2.1618055555555555,3113.0
93,230,0.39444444444444443,568.0
94,230,1.8979166666666667,2733.0
95,230,0.04791666666666667,69.0
96,230,3.7194444444444446,5356.0
97,230,0.02083333333333333,30.0
98,230,3.877083333333333,5583.0
99,230,3.671527777777778,5287.0
100,250,0.9854166666666667,1419.0
101,250,36.00069444444444,51841.0
102,250,5.095833333333333,7338.0
103,250,10.958333333333334,15780.0
104,250,0.00763888888888889,11.0
105,250,0.01180555555555556,17.0
106,250,4.168055555555555,6002.0
107,250,2.783333333333333,4008.0
108,250,2.1756944444444444,3133.0
109,250,0.00763888888888889,11.0
110,270,0.7652777777777777,1102.0
111,270,0.5847222222222223,842.0
112,270,0.22430555555555556,323.0
113,270,0.00833333333333333,12.0
114,270,0.01736111111111111,25.0
115,270,0.00833333333333333,12.0
116,270,36.00069444444444,51841.0
117,270,2.86875,4131.0
118,270,0.00972222222222222,14.0
119,270,0.00833333333333333,12.0
120,290,0.8354166666666667,1203.0
121,290,2.65625,3825.0
122,290,0.575,828.0
123,290,15.730555555555556,22652.0
124,290,0.7076388888888889,1019.0
125,290,1.1972222222222222,1724.0
126,290,0.1,144.0
127,290,1.8222222222222222,2624.0
128,290,3.936111111111111,5668.0
129,290,0.5208333333333334,750.0
130,310,2.845833333333333,4098.0
131,310,2.204861111111111,3175.0
132,310,20.7375,29862.0
133,310,5.873611111111111,8458.0
134,310,36.00069444444444,51841.0
135,310,0.7243055555555555,1043.0
136,310,0.8604166666666667,1239.0
137,310,36.00069444444444,51841.0
138,310,1.5729166666666667,2265.0
139,310,0.8215277777777777,1183.0
140,330,1.81875,2619.0
141,330,3.970138888888889,5717.0
142,330,4.3902777777777775,6322.0
143,330,0.16458333333333333,237.0
144,330,3.5229166666666667,5073.0
145,330,0.32222222222222224,464.0
146,330,1.6604166666666667,2391.0
147,330,6.490277777777778,9346.0
148,330,1.2694444444444444,1828.0
149,330,0.9486111111111111,1366.0
150,350,1.2659722222222223,1823.0
151,350,6.370138888888889,9173.0
152,350,2.3256944444444443,3349.0
153,350,8.54861111111111,12310.0
154,350,36.00069444444444,51841.0
155,350,1.8284722222222223,2633.0
156,350,0.7340277777777777,1057.0
157,350,0.24166666666666667,348.0
158,350,0.7069444444444445,1018.0
159,350,36.00069444444444,51841.0
160,370,2.4680555555555554,3554.0
161,370,1.5506944444444444,2233.0
162,370,0.20208333333333334,291.0
163,370,0.6923611111111111,997.0
164,370,2.786111111111111,4012.0
165,370,6.423611111111111,9250.0
166,370,36.00069444444444,51841.0
167,370,0.9590277777777778,1381.0
168,370,3.7881944444444446,5455.0
169,370,0.8041666666666667,1158.0
170,390,1.5652777777777778,2254.0
171,390,4.300694444444445,6193.0
172,390,2.454861111111111,3535.0
173,390,3.8784722222222223,5585.0
174,390,0.35347222222222224,509.0
175,390,2.870138888888889,4133.0
176,390,0.4736111111111111,682.0
177,390,0.8527777777777777,1228.0
178,390,1.6597222222222223,2390.0
179,390,0.7409722222222223,1067.0
180,410,36.00069444444444,51841.0
181,410,0.5416666666666666,780.0
182,410,3.807638888888889,5483.0
183,410,0.8611111111111112,1240.0
184,410,0.5375,774.0
185,410,0.925,1332.0
186,410,0.22430555555555556,323.0
187,410,0.775,1116.0
188,410,0.7798611111111111,1123.0
189,410,4.215972222222222,6071.0
190,430,0.6854166666666667,987.0
191,430,0.02916666666666667,42.0
192,430,3.422222222222222,4928.0
193,430,36.00069444444444,51841.0
194,430,2.7215277777777778,3919.0
195,430,0.1763888888888889,254.0
196,430,0.35347222222222224,509.0
197,430,0.26944444444444443,388.0
198,430,0.8125,1170.0
199,430,0.9326388888888889,1343.0
200,450,0.8958333333333334,1290.0
201,450,3.3604166666666666,4839.0
202,450,0.4027777777777778,580.0
203,450,2.3965277777777776,3451.0
204,450,0.5465277777777777,787.0
205,450,0.3798611111111111,547.0
206,450,36.00069444444444,51841.0
207,450,0.5611111111111111,808.0
208,450,0.9402777777777778,1354.0
209,450,0.11319444444444444,163.0
210,470,4.086111111111111,5884.0
211,470,0.37569444444444444,541.0
212,470,1.0798611111111112,1555.0
213,470,0.34305555555555556,494.0
214,470,36.00069444444444,51841.0
215,470,5.817361111111111,8377.0
216,470,36.00069444444444,51841.0
217,470,0.8208333333333333,1182.0
218,470,6.972222222222222,10040.0
219,470,3.738888888888889,5384.0
220,490,0.7895833333333333,1137.0
221,490,2.352777777777778,3388.0
222,490,1.6395833333333334,2361.0
223,490,0.8423611111111111,1213.0
224,490,0.5805555555555556,836.0
225,490,1.176388888888889,1694.0
226,490,0.3527777777777778,508.0
227,490,0.8090277777777778,1165.0
228,490,2.1131944444444444,3043.0
229,490,2.275,3276.0
230,510,3.821527777777778,5503.0
231,510,1.9513888888888888,2810.0
232,510,1.4625,2106.0
233,510,4.697916666666667,6765.0
234,510,0.6305555555555555,908.0
235,510,2.3819444444444446,3430.0
236,510,2.892361111111111,4165.0
237,510,4.819444444444445,6940.0
238,510,0.6986111111111111,1006.0
239,510,6.993055555555555,10070.0
240,530,3.640972222222222,5243.0
241,530,2.165277777777778,3118.0
242,530,0.5666666666666667,816.0
243,530,7.784722222222222,11210.0
244,530,0.6729166666666667,969.0
245,530,1.1902777777777778,1714.0
246,530,0.02708333333333333,39.0
247,530,1.5694444444444444,2260.0
248,530,2.69375,3879.0
249,530,0.3951388888888889,569.0
250,550,0.7055555555555556,1016.0
251,550,0.26666666666666666,384.0
252,550,0.33125,477.0
253,550,1.7520833333333334,2523.0
254,550,0.9444444444444444,1360.0
255,550,0.41041666666666665,591.0
256,550,0.12986111111111112,187.0
257,550,2.459722222222222,3542.0
258,550,1.6305555555555555,2348.0
259,550,5.420138888888889,7805.0
260,570,1.9048611111111111,2743.0
261,570,0.15625,225.0
262,570,0.3388888888888889,488.0
263,570,0.01736111111111111,25.0
264,570,1.270138888888889,1829.0
265,570,0.6673611111111111,961.0
266,570,6.74375,9711.0
267,570,4.272222222222222,6152.0
268,570,0.24513888888888888,353.0
269,570,2.063888888888889,2972.0
270,590,1.636111111111111,2356.0
271,590,0.29583333333333334,426.0
272,590,1.7166666666666666,2472.0
273,590,0.8819444444444444,1270.0
274,590,0.8125,1170.0
275,590,3.272222222222222,4712.0
276,590,2.6368055555555556,3797.0
277,590,0.26944444444444443,388.0
278,590,0.8395833333333333,1209.0
279,590,0.25972222222222224,374.0
280,610,1.6805555555555556,2420.0
281,610,1.3145833333333334,1893.0
282,610,2.4479166666666665,3525.0
283,610,0.01944444444444444,28.0
284,610,1.5215277777777778,2191.0
285,610,0.5395833333333333,777.0
286,610,0.8069444444444445,1162.0
287,610,0.6979166666666666,1005.0
288,610,1.6916666666666667,2436.0
289,610,3.713888888888889,5348.0
290,630,0.2375,342.0
291,630,1.3659722222222221,1967.0
292,630,0.3368055555555556,485.0
293,630,1.5631944444444446,2251.0
294,630,1.4513888888888888,2090.0
295,630,0.5208333333333334,750.0
296,630,1.6534722222222222,2381.0
297,630,36.00069444444444,51841.0
298,630,2.3305555555555557,3356.0
299,630,0.8375,1206.0
300,650,1.7034722222222223,2453.0
301,650,36.00069444444444,51841.0
302,650,30.724305555555556,44243.0
303,650,0.6152777777777778,886.0
304,650,0.19305555555555556,278.0
305,650,0.3451388888888889,497.0
306,650,0.26180555555555557,377.0
307,650,5.688194444444444,8191.0
308,650,1.5243055555555556,2195.0
309,650,1.7465277777777777,2515.0
310,670,0.2465277777777778,355.0
311,670,1.4493055555555556,2087.0
312,670,2.529166666666667,3642.0
313,670,0.3715277777777778,535.0
314,670,3.3354166666666667,4803.0
315,670,0.2611111111111111,376.0
316,670,1.2361111111111112,1780.0
317,670,1.2902777777777779,1858.0
318,670,0.40347222222222223,581.0
319,670,0.8791666666666667,1266.0
320,690,1.7840277777777778,2569.0
321,690,0.04722222222222222,68.0
322,690,0.8006944444444445,1153.0
323,690,0.6861111111111111,988.0
324,690,6.63125,9549.0
325,690,2.245833333333333,3234.0
326,690,0.44513888888888886,641.0
327,690,0.5083333333333333,732.0
328,690,0.6159722222222223,887.0
329,690,0.83125,1197.0
330,710,3.8048611111111112,5479.0
331,710,2.138888888888889,3080.0
332,710,31.5625,45450.0
333,710,0.6104166666666667,879.0
334,710,0.24305555555555555,350.0
335,710,1.3305555555555555,1916.0
336,710,2.3534722222222224,3389.0
337,710,0.23541666666666666,339.0
338,710,0.17916666666666667,258.0
339,710,1.3402777777777777,1930.0
340,730,0.6020833333333333,867.0
341,730,1.2625,1818.0
342,730,0.7909722222222222,1139.0
343,730,0.2798611111111111,403.0
344,730,1.5659722222222223,2255.0
345,730,0.7951388888888888,1145.0
346,730,2.3777777777777778,3424.0
347,730,36.00069444444444,51841.0
348,730,0.9527777777777777,1372.0
349,730,3.2645833333333334,4701.0
350,750,0.24375,351.0
351,750,0.3472222222222222,500.0
352,750,0.23125,333.0
353,750,1.0715277777777779,1543.0
354,750,0.6354166666666666,915.0
355,750,0.02291666666666667,33.0
356,750,0.7902777777777777,1138.0
357,750,0.22708333333333333,327.0
358,750,0.6708333333333333,966.0
359,750,0.9284722222222223,1337.0
360,770,5.6097222222222225,8078.0
361,770,2.527083333333333,3639.0
362,770,1.2006944444444445,1729.0
363,770,36.00069444444444,51841.0
364,770,3.6972222222222224,5324.0
365,770,0.18125,261.0
366,770,1.492361111111111,2149.0
367,770,0.2048611111111111,295.0
368,770,1.6388888888888888,2360.0
369,770,0.425,612.0
370,790,0.6104166666666667,879.0
371,790,0.2763888888888889,398.0
372,790,0.2375,342.0
373,790,3.55,5112.0
374,790,0.6388888888888888,920.0
375,790,0.7326388888888888,1055.0
376,790,1.4277777777777778,2056.0
377,790,0.24097222222222223,347.0
378,790,0.5090277777777777,733.0
379,790,0.3145833333333333,453.0
380,810,0.60625,873.0
381,810,0.24375,351.0
382,810,0.32013888888888886,461.0
383,810,1.3229166666666667,1905.0
384,810,0.23680555555555555,341.0
385,810,1.3763888888888889,1982.0
386,810,0.9638888888888889,1388.0
387,810,36.00069444444444,51841.0
388,810,0.7861111111111111,1132.0
389,810,1.3618055555555555,1961.0
390,830,0.22152777777777777,319.0
391,830,0.5527777777777778,796.0
392,830,0.5034722222222222,725.0
393,830,0.45,648.0
394,830,1.5298611111111111,2203.0
395,830,0.15833333333333333,228.0
396,830,3.5590277777777777,5125.0
397,830,0.05347222222222222,77.0
398,830,0.24375,351.0
399,830,0.6034722222222222,869.0
400,850,0.09722222222222222,140.0
401,850,0.25069444444444444,361.0
402,850,0.1986111111111111,286.0
403,850,0.47638888888888886,686.0
404,850,0.47291666666666665,681.0
405,850,2.248611111111111,3238.0
406,850,1.7222222222222223,2480.0
407,850,2.75625,3969.0
408,850,3.0104166666666665,4335.0
409,850,0.5958333333333333,858.0
410,870,0.6486111111111111,934.0
411,870,0.2513888888888889,362.0
412,870,0.9798611111111111,1411.0
413,870,1.4125,2034.0
414,870,3.671527777777778,5287.0
415,870,0.2534722222222222,365.0
416,870,0.04930555555555555,71.0
417,870,2.30625,3321.0
418,870,0.14027777777777778,202.0
419,870,0.24444444444444444,352.0
420,890,0.5194444444444445,748.0
421,890,36.00069444444444,51841.0
422,890,0.6034722222222222,869.0
423,890,0.25277777777777777,364.0
424,890,0.5333333333333333,768.0
425,890,0.17708333333333334,255.0
426,890,0.70625,1017.0
427,890,0.5673611111111111,817.0
428,890,1.0770833333333334,1551.0
429,890,36.00069444444444,51841.0
430,910,2.457638888888889,3539.0
431,910,3.5631944444444446,5131.0
432,910,0.6048611111111111,871.0
433,910,0.23333333333333334,336.0
434,910,2.5340277777777778,3649.0
435,910,0.5875,846.0
436,910,0.4986111111111111,718.0
437,910,0.25,360.0
438,910,2.9659722222222222,4271.0
439,910,0.5854166666666667,843.0
440,930,1.41875,2043.0
441,930,1.23125,1773.0
442,930,0.04236111111111111,61.0
443,930,0.14097222222222222,203.0
444,930,0.5895833333333333,849.0
445,930,0.24444444444444444,352.0
446,930,0.23194444444444445,334.0
447,930,2.1597222222222223,3110.0
448,930,0.5756944444444444,829.0
449,930,0.5881944444444445,847.0
450,950,0.3729166666666667,537.0
451,950,0.8354166666666667,1203.0
452,950,0.04930555555555555,71.0
453,950,0.48125,693.0
454,950,0.18680555555555556,269.0
455,950,3.7493055555555554,5399.0
456,950,2.1770833333333335,3135.0
457,950,0.22430555555555556,323.0
458,950,0.7013888888888888,1010.0
459,950,0.6840277777777778,985.0
460,970,0.6180555555555556,890.0
461,970,5.206944444444445,7498.0
462,970,0.6361111111111111,916.0
463,970,0.6993055555555555,1007.0
464,970,0.31180555555555556,449.0
465,970,0.1125,162.0
466,970,0.20694444444444443,298.0
467,970,0.40555555555555556,584.0
468,970,0.675,972.0
469,970,0.7222222222222222,1040.0
470,990,0.25069444444444444,361.0
471,990,36.00069444444444,51841.0
472,990,3.1194444444444445,4492.0
473,990,1.4243055555555555,2051.0
474,990,0.1361111111111111,196.0
475,990,0.32916666666666666,474.0
476,990,0.5756944444444444,829.0
477,990,0.7159722222222222,1031.0
478,990,0.3013888888888889,434.0
479,990,1.8611111111111112,2680.0
480,1010,0.25555555555555554,368.0
481,1010,1.5458333333333334,2226.0
482,1010,1.3597222222222223,1958.0
483,1010,1.33125,1917.0
484,1010,0.5909722222222222,851.0
485,1010,0.6069444444444444,874.0
486,1010,1.1756944444444444,1693.0
487,1010,11.690277777777778,16834.0
488,1010,0.20902777777777778,301.0
489,1010,0.2708333333333333,390.0
490,1030,0.2659722222222222,383.0
491,1030,0.11388888888888889,164.0
492,1030,0.9479166666666666,1365.0
493,1030,0.96875,1395.0
494,1030,3.6743055555555557,5291.0
495,1030,0.48819444444444443,703.0
496,1030,5.675694444444445,8173.0
497,1030,0.025,36.0
498,1030,0.8368055555555556,1205.0
499,1030,0.1388888888888889,200.0
500,1050,0.6034722222222222,869.0
501,1050,0.5131944444444444,739.0
502,1050,0.6020833333333333,867.0
503,1050,1.2666666666666666,1824.0
504,1050,3.029166666666667,4362.0
505,1050,0.06944444444444445,100.0
506,1050,1.2652777777777777,1822.0
507,1050,1.2673611111111112,1825.0
508,1050,1.3111111111111111,1888.0
509,1050,28.784027777777776,41449.0
510,1070,0.11805555555555555,170.0
511,1070,0.4777777777777778,688.0
512,1070,36.00069444444444,51841.0
513,1070,0.16666666666666666,240.0
514,1070,0.1625,234.0
515,1070,1.2777777777777777,1840.0
516,1070,36.00069444444444,51841.0
517,1070,0.12569444444444444,181.0
518,1070,0.5784722222222223,833.0
519,1070,0.34652777777777777,499.0
520,1090,2.283333333333333,3288.0
521,1090,0.4756944444444444,685.0
522,1090,0.7006944444444444,1009.0
523,1090,3.4034722222222222,4901.0
524,1090,3.1125,4482.0
525,1090,0.6881944444444444,991.0
526,1090,0.12430555555555556,179.0
527,1090,0.2652777777777778,382.0
528,1090,0.5854166666666667,843.0
529,1090,0.5972222222222222,860.0
530,1110,0.0375,54.0
531,1110,1.2590277777777779,1813.0
532,1110,1.3916666666666666,2004.0
533,1110,1.8222222222222222,2624.0
534,1110,1.1715277777777777,1687.0
535,1110,0.11597222222222223,167.0
536,1110,1.1597222222222223,1670.0
537,1110,0.5,720.0
538,1110,0.48125,693.0
539,1110,0.7416666666666667,1068.0
540,1130,0.02986111111111111,43.0
541,1130,0.11875,171.0
542,1130,3.779166666666667,5442.0
543,1130,0.05972222222222223,86.0
544,1130,0.11666666666666667,168.0
545,1130,0.4027777777777778,580.0
546,1130,0.4736111111111111,682.0
547,1130,36.00069444444444,51841.0
548,1130,0.5819444444444445,838.0
549,1130,0.49930555555555556,719.0
550,1150,0.11458333333333333,165.0
551,1150,0.475,684.0
552,1150,0.12708333333333333,183.0
553,1150,0.3625,522.0
554,1150,0.11875,171.0
555,1150,2.240972222222222,3227.0
556,1150,0.7083333333333334,1020.0
557,1150,0.125,180.0
558,1150,0.5638888888888889,812.0
559,1150,0.06597222222222222,95.0
560,1170,0.58125,837.0
561,1170,2.9833333333333334,4296.0
562,1170,0.7527777777777778,1084.0
563,1170,0.48333333333333334,696.0
564,1170,0.7729166666666667,1113.0
565,1170,0.3527777777777778,508.0
566,1170,0.13958333333333334,201.0
567,1170,0.7597222222222222,1094.0
568,1170,2.298611111111111,3310.0
569,1170,0.7131944444444445,1027.0
570,1190,0.15694444444444444,226.0
571,1190,0.42291666666666666,609.0
572,1190,0.9958333333333333,1434.0
573,1190,0.11944444444444445,172.0
574,1190,0.1423611111111111,205.0
575,1190,0.5395833333333333,777.0
576,1190,0.48125,693.0
577,1190,0.05833333333333333,84.0
578,1190,0.4965277777777778,715.0
579,1190,0.04305555555555556,62.0
580,1210,1.1541666666666666,1662.0
581,1210,0.7534722222222222,1085.0
582,1210,0.5902777777777778,850.0
583,1210,0.24166666666666667,348.0
584,1210,0.46041666666666664,663.0
585,1210,0.1111111111111111,160.0
586,1210,0.00902777777777778,13.0
587,1210,0.11597222222222223,167.0
588,1210,1.2180555555555554,1754.0
589,1210,0.4791666666666667,690.0
590,1230,0.07361111111111111,106.0
591,1230,0.45694444444444443,658.0
592,1230,0.12777777777777777,184.0
593,1230,0.11805555555555555,170.0
594,1230,0.4756944444444444,685.0
595,1230,0.12361111111111112,178.0
596,1230,1.0694444444444444,1540.0
597,1230,0.11458333333333333,165.0
598,1230,1.1083333333333334,1596.0
599,1230,0.5805555555555556,836.0
600,1250,0.48055555555555557,692.0
601,1250,0.22847222222222222,329.0
602,1250,0.6833333333333333,984.0
603,1250,1.4909722222222221,2147.0
604,1250,0.02083333333333333,30.0
605,1250,0.6006944444444444,865.0
606,1250,0.12986111111111112,187.0
607,1250,0.6541666666666667,942.0
608,1250,0.47152777777777777,679.0
609,1250,0.01180555555555556,17.0
610,1270,0.2638888888888889,380.0
611,1270,1.461111111111111,2104.0
612,1270,0.54375,783.0
613,1270,3.436111111111111,4948.0
614,1270,0.19375,279.0
615,1270,0.16180555555555556,233.0
616,1270,2.501388888888889,3602.0
617,1270,1.4194444444444445,2044.0
618,1270,0.5888888888888889,848.0
619,1270,20.500694444444445,29521.0
620,1290,2.5194444444444444,3628.0
621,1290,0.6090277777777777,877.0
622,1290,0.47430555555555554,683.0
623,1290,0.12361111111111112,178.0
624,1290,0.13472222222222222,194.0
625,1290,0.45416666666666666,654.0
626,1290,0.12708333333333333,183.0
627,1290,0.06458333333333334,93.0
628,1290,0.14930555555555555,215.0
629,1290,0.11527777777777778,166.0
630,1310,1.0145833333333334,1461.0
631,1310,0.3798611111111111,547.0
632,1310,0.6145833333333334,885.0
633,1310,1.6243055555555554,2339.0
634,1310,0.00625,9.0
635,1310,1.9756944444444444,2845.0
636,1310,0.3798611111111111,547.0
637,1310,0.4638888888888889,668.0
638,1310,0.6006944444444444,865.0
639,1310,0.02569444444444444,37.0
640,1330,0.8472222222222222,1220.0
641,1330,0.12986111111111112,187.0
642,1330,0.14444444444444443,208.0
643,1330,0.21944444444444444,316.0
644,1330,0.12569444444444444,181.0
645,1330,0.0875,126.0
646,1330,1.3576388888888888,1955.0
647,1330,0.12013888888888889,173.0
648,1330,0.14166666666666666,204.0
649,1330,1.1145833333333333,1605.0
650,1350,0.00902777777777778,13.0
651,1350,1.3083333333333333,1884.0
652,1350,0.3659722222222222,527.0
653,1350,0.12569444444444444,181.0
654,1350,1.3680555555555556,1970.0
655,1350,0.4840277777777778,697.0
656,1350,0.43194444444444446,622.0
657,1350,0.3840277777777778,553.0
658,1350,0.02291666666666667,33.0
659,1350,0.2569444444444444,370.0
660,1370,0.27291666666666664,393.0
661,1370,0.01111111111111111,16.0
662,1370,0.03263888888888889,47.0
663,1370,0.05208333333333334,75.0
664,1370,0.01597222222222222,23.0
665,1370,1.3743055555555554,1979.0
666,1370,36.00069444444444,51841.0
667,1370,0.6618055555555555,953.0
668,1370,0.12638888888888888,182.0
669,1370,0.36180555555555555,521.0
670,1390,0.13194444444444445,190.0
671,1390,0.04097222222222222,59.0
672,1390,0.07291666666666667,105.0
673,1390,0.1125,162.0
674,1390,1.5354166666666667,2211.0
675,1390,0.02222222222222222,32.0
676,1390,0.00416666666666667,6.0
677,1390,0.4513888888888889,650.0
678,1390,0.03472222222222222,50.0
679,1390,0.00902777777777778,13.0
680,1410,0.02222222222222222,32.0
681,1410,0.9715277777777778,1399.0
682,1410,0.01319444444444444,19.0
683,1410,0.07013888888888889,101.0
684,1410,0.00347222222222222,5.0
685,1410,0.15555555555555556,224.0
686,1410,1.1465277777777778,1651.0
687,1410,0.9736111111111111,1402.0
688,1410,0.00486111111111111,7.0
689,1410,0.32708333333333334,471.0
690,1430,0.0125,18.0
691,1430,0.34444444444444444,496.0
692,1430,0.02777777777777778,40.0
693,1430,0.01388888888888889,20.0
694,1430,0.00694444444444444,10.0
695,1430,0.6097222222222223,878.0
696,1430,0.675,972.0
697,1430,1.3604166666666666,1959.0
698,1430,0.04722222222222222,68.0
699,1430,0.5631944444444444,811.0
700,1450,1.070138888888889,1541.0
701,1450,0.00208333333333333,3.0
702,1450,0.35555555555555557,512.0
703,1450,0.5326388888888889,767.0
704,1450,0.46111111111111114,664.0
705,1450,0.21388888888888888,308.0
706,1450,0.6194444444444445,892.0
707,1450,0.3645833333333333,525.0
708,1450,0.6916666666666667,996.0
709,1450,1.2291666666666667,1770.0
710,1470,0.01458333333333333,21.0
711,1470,0.39375,567.0
712,1470,0.4756944444444444,685.0
713,1470,0.00694444444444444,10.0
714,1470,0.39166666666666666,564.0
715,1470,0.5868055555555556,845.0
716,1470,0.66875,963.0
717,1470,1.3819444444444444,1990.0
718,1470,0.3326388888888889,479.0
719,1470,1.2520833333333334,1803.0
720,1490,0.00625,9.0
721,1490,0.03541666666666667,51.0
722,1490,0.08055555555555556,116.0
723,1490,0.4576388888888889,659.0
724,1490,2.2888888888888888,3296.0
725,1490,0.06319444444444444,91.0
726,1490,0.2013888888888889,290.0
727,1490,0.01041666666666667,15.0
728,1490,0.26458333333333334,381.0
729,1490,0.4895833333333333,705.0
730,1510,0.12569444444444444,181.0
731,1510,0.9784722222222222,1409.0
732,1510,0.4166666666666667,600.0
733,1510,0.30625,441.0
734,1510,0.49027777777777776,706.0
735,1510,0.49027777777777776,706.0
736,1510,0.21180555555555555,305.0
737,1510,1.2659722222222223,1823.0
738,1510,0.10416666666666667,150.0
739,1510,0.29305555555555557,422.0
740,1530,0.2763888888888889,398.0
741,1530,0.5152777777777777,742.0
742,1530,0.11319444444444444,163.0
743,1530,0.7069444444444445,1018.0
744,1530,0.3298611111111111,475.0
745,1530,2.098611111111111,3022.0
746,1530,0.5048611111111111,727.0
747,1530,1.9736111111111112,2842.0
748,1530,0.8805555555555555,1268.0
749,1530,0.40902777777777777,589.0
750,1550,0.9444444444444444,1360.0
751,1550,0.00277777777777778,4.0
752,1550,0.39652777777777776,571.0
753,1550,0.48680555555555555,701.0
754,1550,0.025,36.0
755,1550,0.5965277777777778,859.0
756,1550,0.7256944444444444,1045.0
757,1550,0.45555555555555555,656.0
758,1550,0.01111111111111111,16.0
759,1550,0.0125,18.0
760,1570,0.02708333333333333,39.0
761,1570,0.47152777777777777,679.0
762,1570,0.48680555555555555,701.0
763,1570,0.5041666666666667,726.0
764,1570,0.3798611111111111,547.0
765,1570,0.025,36.0
766,1570,36.00069444444444,51841.0
767,1570,0.475,684.0
768,1570,0.3548611111111111,511.0
769,1570,0.18125,261.0
770,1590,0.01527777777777778,22.0
771,1590,0.46458333333333335,669.0
772,1590,0.19166666666666668,276.0
773,1590,0.5895833333333333,849.0
774,1590,0.12430555555555556,179.0
775,1590,36.00069444444444,51841.0
776,1590,0.4625,666.0
777,1590,0.35138888888888886,506.0
778,1590,0.6326388888888889,911.0
779,1590,0.01041666666666667,15.0
780,1610,0.38125,549.0
781,1610,2.2583333333333333,3252.0
782,1610,0.44513888888888886,641.0
783,1610,0.39305555555555555,566.0
784,1610,0.30625,441.0
785,1610,0.3423611111111111,493.0
786,1610,1.0645833333333334,1533.0
787,1610,1.3805555555555555,1988.0
788,1610,0.00833333333333333,12.0
789,1610,0.3159722222222222,455.0
790,1630,0.01041666666666667,15.0
791,1630,0.26944444444444443,388.0
792,1630,0.00902777777777778,13.0
793,1630,36.00069444444444,51841.0
794,1630,0.3951388888888889,569.0
795,1630,0.925,1332.0
796,1630,1.0430555555555556,1502.0
797,1630,0.05625,81.0
798,1630,0.2763888888888889,398.0
799,1630,0.18194444444444444,262.0
800,1650,1.0604166666666666,1527.0
801,1650,0.6659722222222222,959.0
802,1650,0.09027777777777778,130.0
803,1650,0.9506944444444444,1369.0
804,1650,0.9576388888888889,1379.0
805,1650,0.47152777777777777,679.0
806,1650,0.00625,9.0
807,1650,1.242361111111111,1789.0
808,1650,0.08819444444444445,127.0
809,1650,0.3368055555555556,485.0
810,1670,1.3131944444444446,1891.0
811,1670,0.65,936.0
812,1670,1.7361111111111112,2500.0
813,1670,0.2659722222222222,383.0
814,1670,0.6083333333333333,876.0
815,1670,0.20347222222222222,293.0
816,1670,0.04791666666666667,69.0
817,1670,0.5090277777777777,733.0
818,1670,0.08472222222222223,122.0
819,1670,1.4194444444444445,2044.0
820,1690,0.24097222222222223,347.0
821,1690,0.53125,765.0
822,1690,0.4895833333333333,705.0
823,1690,0.01388888888888889,20.0
824,1690,1.0347222222222223,1490.0
825,1690,0.49375,711.0
826,1690,0.02708333333333333,39.0
827,1690,1.1340277777777779,1633.0
828,1690,0.4798611111111111,691.0
829,1690,0.46458333333333335,669.0
830,1710,0.02083333333333333,30.0
831,1710,0.04444444444444445,64.0
832,1710,0.3611111111111111,520.0
833,1710,1.8479166666666667,2661.0
834,1710,0.48819444444444443,703.0
835,1710,0.4673611111111111,673.0
836,1710,0.1763888888888889,254.0
837,1710,3.2263888888888888,4646.0
838,1710,36.00069444444444,51841.0
839,1710,0.06666666666666667,96.0
840,1730,0.00972222222222222,14.0
841,1730,0.01458333333333333,21.0
842,1730,0.01319444444444444,19.0
843,1730,1.5923611111111111,2293.0
844,1730,0.26458333333333334,381.0
845,1730,1.0930555555555554,1574.0
846,1730,0.00694444444444444,10.0
847,1730,0.00625,9.0
848,1730,0.0625,90.0
849,1730,0.49722222222222223,716.0
850,1750,0.9736111111111111,1402.0
851,1750,0.2388888888888889,344.0
852,1750,0.06875,99.0
853,1750,0.22847222222222222,329.0
854,1750,0.12777777777777777,184.0
855,1750,0.2465277777777778,355.0
856,1750,1.0784722222222223,1553.0
857,1750,1.0597222222222222,1526.0
858,1750,0.06666666666666667,96.0
859,1750,0.2638888888888889,380.0
860,1770,0.4847222222222222,698.0
861,1770,0.16875,243.0
862,1770,0.46944444444444444,676.0
863,1770,0.9041666666666667,1302.0
864,1770,0.2388888888888889,344.0
865,1770,1.3291666666666666,1914.0
866,1770,0.23819444444444443,343.0
867,1770,0.16180555555555556,233.0
868,1770,0.23194444444444445,334.0
869,1770,0.9694444444444444,1396.0
870,1790,1.9659722222222222,2831.0
871,1790,0.5430555555555555,782.0
872,1790,1.9118055555555555,2753.0
873,1790,0.26666666666666666,384.0
874,1790,1.2756944444444445,1837.0
875,1790,0.3013888888888889,434.0
876,1790,0.2548611111111111,367.0
877,1790,0.33819444444444446,487.0
878,1790,0.5965277777777778,859.0
879,1790,0.04791666666666667,69.0
880,1810,1.2881944444444444,1855.0
881,1810,0.7458333333333333,1074.0
882,1810,0.08125,117.0
883,1810,0.28680555555555554,413.0
884,1810,1.9777777777777779,2848.0
885,1810,2.06875,2979.0
886,1810,0.26458333333333334,381.0
887,1810,0.24513888888888888,353.0
888,1810,0.4534722222222222,653.0
889,1810,0.15902777777777777,229.0
890,1830,0.14166666666666666,204.0
891,1830,0.3326388888888889,479.0
892,1830,0.5840277777777778,841.0
893,1830,0.3701388888888889,533.0
894,1830,1.2854166666666667,1851.0
895,1830,0.2569444444444444,370.0
896,1830,0.2388888888888889,344.0
897,1830,0.22291666666666668,321.0
898,1830,0.30069444444444443,433.0
899,1830,0.25,360.0
900,1850,0.2638888888888889,380.0
901,1850,0.20555555555555555,296.0
902,1850,0.3034722222222222,437.0
903,1850,2.2840277777777778,3289.0
904,1850,0.36180555555555555,521.0
905,1850,0.23055555555555557,332.0
906,1850,0.4131944444444444,595.0
907,1850,0.40694444444444444,586.0
908,1850,2.6666666666666665,3840.0
909,1850,0.3611111111111111,520.0
910,1870,0.9284722222222223,1337.0
911,1870,0.24722222222222223,356.0
912,1870,0.6583333333333333,948.0
913,1870,0.6131944444444445,883.0
914,1870,0.2513888888888889,362.0
915,1870,0.23819444444444443,343.0
916,1870,0.12013888888888889,173.0
917,1870,0.30277777777777776,436.0
918,1870,0.05486111111111111,79.0
919,1870,0.5791666666666667,834.0
920,1890,0.4673611111111111,673.0
921,1890,0.25555555555555554,368.0
922,1890,0.5027777777777778,724.0
923,1890,0.13472222222222222,194.0
924,1890,0.23680555555555555,341.0
925,1890,0.46944444444444444,676.0
926,1890,0.5006944444444444,721.0
927,1890,0.15625,225.0
928,1890,0.35347222222222224,509.0
929,1890,0.3715277777777778,535.0
930,1910,0.3333333333333333,480.0
931,1910,0.05694444444444444,82.0
932,1910,0.26805555555555555,386.0
933,1910,0.65625,945.0
934,1910,0.8388888888888889,1208.0
935,1910,0.12152777777777778,175.0
936,1910,0.47430555555555554,683.0
937,1910,0.1673611111111111,241.0
938,1910,0.12013888888888889,173.0
939,1910,0.725,1044.0
940,1930,0.80625,1161.0
941,1930,0.5840277777777778,841.0
942,1930,0.2548611111111111,367.0
943,1930,0.11041666666666666,159.0
944,1930,0.27708333333333335,399.0
945,1930,0.24513888888888888,353.0
946,1930,0.05347222222222222,77.0
947,1930,0.24027777777777778,346.0
948,1930,0.22847222222222222,329.0
949,1930,2.002083333333333,2883.0
950,1950,0.03263888888888889,47.0
951,1950,0.8222222222222222,1184.0
952,1950,1.3527777777777779,1948.0
953,1950,0.2826388888888889,407.0
954,1950,0.4027777777777778,580.0
955,1950,0.2423611111111111,349.0
956,1950,0.34930555555555554,503.0
957,1950,0.24930555555555556,359.0
958,1950,0.22291666666666668,321.0
959,1950,0.4076388888888889,587.0
960,1970,0.06944444444444445,100.0
961,1970,0.11180555555555556,161.0
962,1970,0.47152777777777777,679.0
963,1970,0.34930555555555554,503.0
964,1970,0.30277777777777776,436.0
965,1970,1.3375,1926.0
966,1970,0.33125,477.0
967,1970,0.35208333333333336,507.0
968,1970,0.10555555555555556,152.0
969,1970,0.24027777777777778,346.0
970,1990,0.3625,522.0
971,1990,0.21597222222222223,311.0
972,1990,0.24027777777777778,346.0
973,1990,0.9298611111111111,1339.0
974,1990,0.24513888888888888,353.0
975,1990,0.7402777777777778,1066.0
976,1990,0.48125,693.0
977,1990,0.4284722222222222,617.0
978,1990,0.2881944444444444,415.0
979,1990,0.7194444444444444,1036.0
980,2010,0.4527777777777778,652.0
981,2010,0.12083333333333333,174.0
982,2010,0.23333333333333334,336.0
983,2010,0.39375,567.0
984,2010,0.38819444444444445,559.0
985,2010,0.14444444444444443,208.0
986,2010,0.35208333333333336,507.0
987,2010,0.00486111111111111,7.0
988,2010,0.2520833333333333,363.0
989,2010,0.5381944444444444,775.0
990,2030,0.3215277777777778,463.0
991,2030,0.13402777777777777,193.0
992,2030,0.21388888888888888,308.0
993,2030,0.16805555555555557,242.0
994,2030,0.3597222222222222,518.0
995,2030,23.255555555555556,33488.0
996,2030,1.1993055555555556,1727.0
997,2030,0.0763888888888889,110.0
998,2030,0.2326388888888889,335.0
999,2030,0.3388888888888889,488.0
1000,2050,0.13125,189.0
1001,2050,0.26875,387.0
1002,2050,0.9611111111111111,1384.0
1003,2050,0.06805555555555555,98.0
1004,2050,0.2826388888888889,407.0
1005,2050,0.9194444444444444,1324.0
1006,2050,0.22708333333333333,327.0
1007,2050,1.0138888888888888,1460.0
1008,2050,0.36041666666666666,519.0
1009,2050,0.24027777777777778,346.0
1010,2070,0.00416666666666667,6.0
1011,2070,0.38819444444444445,559.0
1012,2070,0.24375,351.0
1013,2070,0.21736111111111112,313.0
1014,2070,0.3541666666666667,510.0
1015,2070,1.9097222222222223,2750.0
1016,2070,0.9986111111111111,1438.0
1017,2070,1.9222222222222223,2768.0
1018,2070,1.0048611111111112,1447.0
1019,2070,0.2569444444444444,370.0
1020,2090,0.04652777777777778,67.0
1021,2090,0.39791666666666664,573.0
1022,2090,0.8784722222222222,1265.0
1023,2090,0.3125,450.0
1024,2090,0.05347222222222222,77.0
1025,2090,0.24166666666666667,348.0
1026,2090,1.1041666666666667,1590.0
1027,2090,0.4013888888888889,578.0
1028,2090,2.3826388888888888,3431.0
1029,2090,0.2375,342.0
1030,2110,0.12916666666666668,186.0
1031,2110,0.25277777777777777,364.0
1032,2110,0.30416666666666664,438.0
1033,2110,0.05138888888888889,74.0
1034,2110,0.44305555555555554,638.0
1035,2110,1.4631944444444445,2107.0
1036,2110,0.22083333333333333,318.0
1037,2110,0.13958333333333334,201.0
1038,2110,0.8263888888888888,1190.0
1039,2110,0.5430555555555555,782.0
1040,2130,0.12361111111111112,178.0
1041,2130,0.2013888888888889,290.0
1042,2130,0.3,432.0
1043,2130,0.25833333333333336,372.0
1044,2130,0.14027777777777778,202.0
1045,2130,0.3625,522.0
1046,2130,0.23819444444444443,343.0
1047,2130,0.2569444444444444,370.0
1048,2130,0.22777777777777777,328.0
1049,2130,1.0333333333333334,1488.0
1050,2150,0.2534722222222222,365.0
1051,2150,0.33402777777777776,481.0
1052,2150,0.24513888888888888,353.0
1053,2150,0.4652777777777778,670.0
1054,2150,0.35138888888888886,506.0
1055,2150,0.9972222222222222,1436.0
1056,2150,0.2861111111111111,412.0
1057,2150,0.23125,333.0
1058,2150,0.3701388888888889,533.0
1059,2150,0.03055555555555555,44.0
1060,2170,0.7652777777777777,1102.0
1061,2170,0.2520833333333333,363.0
1062,2170,0.16111111111111112,232.0
1063,2170,1.0472222222222223,1508.0
1064,2170,0.19444444444444445,280.0
1065,2170,0.02777777777777778,40.0
1066,2170,0.36527777777777776,526.0
1067,2170,0.8708333333333333,1254.0
1068,2170,0.16180555555555556,233.0
1069,2170,0.2652777777777778,382.0
1070,2190,0.04236111111111111,61.0
1071,2190,0.23125,333.0
1072,2190,0.3527777777777778,508.0
1073,2190,0.07430555555555556,107.0
1074,2190,0.95625,1377.0
1075,2190,0.03402777777777777,49.0
1076,2190,0.5277777777777778,760.0
1077,2190,0.8291666666666667,1194.0
1078,2190,0.2298611111111111,331.0
1079,2190,0.12916666666666668,186.0
