int(self);nb_people;self.time / #day;self.time / #minute
0;5;29.074.305.555.555.500;41867.0
1;5;30.054.166.666.666.600;43278.0
2;5;17.839.583.333.333.300;25689.0
3;5;0.6597222222222222;950.0
4;5;10.090.277.777.777.700;1453.0
5;5;4.100.069.444.444.440;59041.0
6;5;39.097.222.222.222.200;5630.0
7;5;78.381.944.444.444.400;11287.0
8;5;4.100.069.444.444.440;59041.0
9;5;4.100.069.444.444.440;59041.0
10;10;0.8173611111111111;1177.0
11;10;8.014.583.333.333.330;11541.0
12;10;3.848.611.111.111.110;5542.0
13;10;15.052.777.777.777.700;21676.0
14;10;2.187.361.111.111.110;31498.0
15;10;178.125;25650.0
16;10;0.90625;1305.0
17;10;0.8826388888888889;1271.0
18;10;2.477.777.777.777.770;35680.0
19;10;18.479.166.666.666.600;2661.0
20;15;21.740.972.222.222.200;31307.0
21;15;7.889.583.333.333.330;11361.0
22;15;3.702.777.777.777.770;5332.0
23;15;669.375;9639.0
24;15;0.8298611111111112;1195.0
25;15;31.823.611.111.111.100;45826.0
26;15;3.847.916.666.666.660;5541.0
27;15;4.100.069.444.444.440;59041.0
28;15;14.884.027.777.777.700;21433.0
29;15;3.847.916.666.666.660;5541.0
30;20;8.852.777.777.777.770;12748.0
31;20;15.950.694.444.444.400;22969.0
32;20;29.625;4266.0
33;20;17.375;2502.0
34;20;9.682.638.888.888.880;13943.0
35;20;19.777.777.777.777.700;2848.0
36;20;0.9965277777777778;1435.0
37;20;13.809.722.222.222.200;19886.0
38;20;0.9145833333333333;1317.0
39;20;8.653.472.222.222.220;12461.0
40;25;6.747.916.666.666.660;9717.0
41;25;39.506.944.444.444.400;5689.0
42;25;0.8875;1278.0
43;25;1.836.111.111.111.110;2644.0
44;25;7.783.333.333.333.330;11208.0
45;25;0.6347222222222222;914.0
46;25;29.159.722.222.222.200;4199.0
47;25;299.375;4311.0
48;25;0.9381944444444444;1351.0
49;25;18.680.555.555.555.500;2690.0
50;30;1.804.861.111.111.110;2599.0
51;30;6.888.194.444.444.440;9919.0
52;30;0.7888888888888889;1136.0
53;30;11.243.055.555.555.500;1619.0
54;30;38.048.611.111.111.100;5479.0
55;30;20.381.944.444.444.400;2935.0
56;30;17.277.777.777.777.700;2488.0
57;30;0.6694444444444444;964.0
58;30;39.875;5742.0
59;30;147.125;21186.0
60;35;0.0375;54.0
61;35;0.06666666666666667;96.0
62;35;6.675.694.444.444.440;9613.0
63;35;39.138.888.888.888.800;5636.0
64;35;27.180.555.555.555.500;3914.0
65;35;16.708.333.333.333.300;2406.0
66;35;6.979.861.111.111.110;10051.0
67;35;0.9104166666666667;1311.0
68;35;28.666.666.666.666.600;4128.0
69;35;7.727.083.333.333.330;11127.0
70;40;7.971.527.777.777.770;11479.0
71;40;2.765.972.222.222.220;3983.0
72;40;4.063.888.888.888.880;5852.0
73;40;10.222.222.222.222.200;1472.0
74;40;28.090.277.777.777.700;4045.0
75;40;27.104.166.666.666.600;3903.0
76;40;3.779.166.666.666.660;5442.0
77;40;27.715.277.777.777.700;3991.0
78;40;0.7916666666666666;1140.0
79;40;11.826.388.888.888.800;1703.0
80;45;1.992.361.111.111.110;2869.0
81;45;20.215.277.777.777.700;2911.0
82;45;0.9354166666666667;1347.0
83;45;680.625;9801.0
84;45;20.243.055.555.555.500;2915.0
85;45;0.7208333333333333;1038.0
86;45;18.145.833.333.333.300;2613.0
87;45;0.9027777777777778;1300.0
88;45;0.00763888888888889;11.0
89;45;17.756.944.444.444.400;2557.0
90;50;778.125;11205.0
91;50;20.229.166.666.666.600;2913.0
92;50;19.034.722.222.222.200;2741.0
93;50;18.736.111.111.111.100;2698.0
94;50;0.8194444444444444;1180.0
95;50;0.8444444444444444;1216.0
96;50;1.761.111.111.111.110;2536.0
97;50;19.326.388.888.888.800;2783.0
98;50;7.725;11124.0
99;50;17.625;2538.0
100;55;38.444.444.444.444.400;5536.0
101;55;199.375;2871.0
102;55;2.959.722.222.222.220;4262.0
103;55;10.361.111.111.111.100;1492.0
104;55;16.916.666.666.666.600;2436.0
105;55;17.138.888.888.888.800;2468.0
106;55;0.7277777777777777;1048.0
107;55;18.020.833.333.333.300;2595.0
108;55;17.604.166.666.666.600;2535.0
109;55;0.81875;1179.0
110;60;184.375;2655.0
111;60;10.027.777.777.777.700;1444.0
112;60;4.172.916.666.666.660;6009.0
113;60;0.9020833333333333;1299.0
114;60;17.368.055.555.555.500;2501.0
115;60;10.666.666.666.666.600;1536.0
116;60;77.243.055.555.555.500;11123.0
117;60;17.652.777.777.777.700;2542.0
118;60;0.03402777777777777;49.0
119;60;0.80625;1161.0
120;65;16.833.333.333.333.300;2424.0
121;65;22.159.722.222.222.200;3191.0
122;65;0.1486111111111111;214.0
123;65;19.590.277.777.777.700;2821.0
124;65;17.854.166.666.666.600;2571.0
125;65;0.7506944444444444;1081.0
126;65;0.8659722222222223;1247.0
127;65;27.118.055.555.555.500;3905.0
128;65;16.965.277.777.777.700;2443.0
129;65;1.238.888.888.888.880;1784.0
130;70;0.6291666666666667;906.0
131;70;7.831.944.444.444.440;11278.0
132;70;0.00694444444444444;10.0
133;70;0.03958333333333333;57.0
134;70;0.9888888888888889;1424.0
135;70;0.24305555555555555;350.0
136;70;26.131.944.444.444.400;3763.0
137;70;0.7631944444444444;1099.0
138;70;0.8840277777777777;1273.0
139;70;38.472.222.222.222.200;5540.0
140;75;28.006.944.444.444.400;4033.0
141;75;0.9548611111111112;1375.0
142;75;0.01527777777777778;22.0
143;75;18.798.611.111.111.100;2707.0
144;75;18.958.333.333.333.300;2730.0
145;75;27.020.833.333.333.300;3891.0
146;75;0.8423611111111111;1213.0
147;75;0.7784722222222222;1121.0
148;75;18.784.722.222.222.200;2705.0
149;75;17.034.722.222.222.200;2453.0
150;80;0.9027777777777778;1300.0
151;80;16.541.666.666.666.600;2382.0
152;80;0.8201388888888889;1181.0
153;80;26.680.555.555.555.500;3842.0
154;80;4.100.069.444.444.440;59041.0
155;80;12.909.722.222.222.200;1859.0
156;80;0.9215277777777777;1327.0
157;80;4.027.777.777.777.770;5800.0
158;80;7.941.666.666.666.660;11436.0
159;80;17.743.055.555.555.500;2555.0
160;85;0.8534722222222222;1229.0
161;85;19.833.333.333.333.300;2856.0
162;85;0.7652777777777777;1102.0
163;85;0.7819444444444444;1126.0
164;85;17.826.388.888.888.800;2567.0
165;85;10.409.722.222.222.200;1499.0
166;85;1.917.361.111.111.110;2761.0
167;85;0.8020833333333334;1155.0
168;85;0.74375;1071.0
169;85;1.038.888.888.888.880;1496.0
170;90;0.8402777777777778;1210.0
171;90;1.020.138.888.888.880;1469.0
172;90;0.7159722222222222;1031.0
173;90;0.7979166666666667;1149.0
174;90;18.395.833.333.333.300;2649.0
175;90;18.395.833.333.333.300;2649.0
176;90;0.6798611111111111;979.0
177;90;0.7979166666666667;1149.0
178;90;0.00902777777777778;13.0
179;90;18.395.833.333.333.300;2649.0
180;95;0.21458333333333332;309.0
181;95;10.458.333.333.333.300;1506.0
182;95;0.7951388888888888;1145.0
183;95;0.02291666666666667;33.0
184;95;0.00486111111111111;7.0
185;95;0.9569444444444445;1378.0
186;95;0.7423611111111111;1069.0
187;95;0.9256944444444445;1333.0
188;95;0.8388888888888889;1208.0
189;95;0.22083333333333333;318.0
190;100;0.9340277777777778;1345.0
191;100;0.8923611111111112;1285.0
192;100;0.24791666666666667;357.0
193;100;0.7972222222222223;1148.0
194;100;0.00833333333333333;12.0
195;100;0.9284722222222223;1337.0
196;100;0.80625;1161.0
197;100;0.81875;1179.0
198;100;0.8402777777777778;1210.0
199;100;0.7493055555555556;1079.0
200;105;6.857.638.888.888.880;9875.0
201;105;3.879.861.111.111.110;5587.0
202;105;0.8388888888888889;1208.0
203;105;0.11527777777777778;166.0
204;105;0.91875;1323.0
205;105;0.8354166666666667;1203.0
206;105;0.68125;981.0
207;105;36.729.166.666.666.600;5289.0
208;105;0.9895833333333334;1425.0
209;105;26.444.444.444.444.400;3808.0
210;110;0.7791666666666667;1122.0
211;110;27.895.833.333.333.300;4017.0
212;110;16.854.166.666.666.600;2427.0
213;110;0.89375;1287.0
214;110;19.694.444.444.444.400;2836.0
215;110;0.7840277777777778;1129.0
216;110;17.305.555.555.555.500;2492.0
217;110;0.7965277777777777;1147.0
218;110;0.8958333333333334;1290.0
219;110;0.7958333333333333;1146.0
220;115;0.02361111111111111;34.0
221;115;0.2125;306.0
222;115;0.8756944444444444;1261.0
223;115;0.7972222222222223;1148.0
224;115;0.7652777777777777;1102.0
225;115;1.757.638.888.888.880;2531.0
226;115;0.7958333333333333;1146.0
227;115;0.21319444444444444;307.0
228;115;169.375;2439.0
229;115;17.597.222.222.222.200;2534.0
230;120;0.8791666666666667;1266.0
231;120;0.00833333333333333;12.0
232;120;0.8375;1206.0
233;120;4.200.694.444.444.440;6049.0
234;120;11.145.833.333.333.300;1605.0
235;120;0.7069444444444445;1018.0
236;120;0.6902777777777778;994.0
237;120;0.8368055555555556;1205.0
238;120;0.7402777777777778;1066.0
239;120;0.6833333333333333;984.0
240;125;0.2520833333333333;363.0
241;125;16.965.277.777.777.700;2443.0
242;125;1.05;1512.0
243;125;0.7006944444444444;1009.0
244;125;0.8201388888888889;1181.0
245;125;17.861.111.111.111.100;2572.0
246;125;18.784.722.222.222.200;2705.0
247;125;18.069.444.444.444.400;2602.0
248;125;0.9506944444444444;1369.0
249;125;17.527.777.777.777.700;2524.0
250;130;0.7868055555555555;1133.0
251;130;16.895.833.333.333.300;2433.0
252;130;0.81875;1179.0
253;130;0.01944444444444444;28.0
254;130;0.7527777777777778;1084.0
255;130;0.7138888888888889;1028.0
256;130;19.548.611.111.111.100;2815.0
257;130;19.194.444.444.444.400;2764.0
258;130;11.527.777.777.777.700;1660.0
259;130;0.8298611111111112;1195.0
260;135;2.970.138.888.888.880;4277.0
261;135;0.6527777777777778;940.0
262;135;19.361.111.111.111.100;2788.0
263;135;0.9458333333333333;1362.0
264;135;0.69375;999.0
265;135;0.7034722222222223;1013.0
266;135;0.8722222222222222;1256.0
267;135;0.9513888888888888;1370.0
268;135;33.618.055.555.555.500;4841.0
269;135;24.368.055.555.555.500;3509.0
270;140;0.9041666666666667;1302.0
271;140;19.222.222.222.222.200;2768.0
272;140;0.00555555555555556;8.0
273;140;0.8354166666666667;1203.0
274;140;2.2;3168.0
275;140;0.7965277777777777;1147.0
276;140;0.7798611111111111;1123.0
277;140;19.013.888.888.888.800;2738.0
278;140;0.9784722222222222;1409.0
279;140;17.986.111.111.111.100;2590.0
280;145;17.069.444.444.444.400;2458.0
281;145;0.6027777777777777;868.0
282;145;0.7444444444444445;1072.0
283;145;4.933.333.333.333.330;7104.0
284;145;0.24027777777777778;346.0
285;145;0.9923611111111111;1429.0
286;145;0.7201388888888889;1037.0
287;145;0.8756944444444444;1261.0
288;145;0.7555555555555555;1088.0
289;145;16.590.277.777.777.700;2389.0
290;150;0.7923611111111111;1141.0
291;150;0.9340277777777778;1345.0
292;150;0.7347222222222223;1058.0
293;150;0.7305555555555555;1052.0
294;150;0.7923611111111111;1141.0
295;150;0.8770833333333333;1263.0
296;150;0.00486111111111111;7.0
297;150;0.8236111111111111;1186.0
298;150;0.8520833333333333;1227.0
299;150;0.8159722222222222;1175.0
300;155;0.9256944444444445;1333.0
301;155;0.6416666666666667;924.0
302;155;20.006.944.444.444.400;2881.0
303;155;0.8256944444444444;1189.0
304;155;6.870.138.888.888.880;9893.0
305;155;0.25972222222222224;374.0
306;155;0.7291666666666666;1050.0
307;155;17.916.666.666.666.600;2580.0
308;155;19.708.333.333.333.300;2838.0
309;155;10.131.944.444.444.400;1459.0
310;160;0.6881944444444444;991.0
311;160;0.8319444444444445;1198.0
312;160;0.07708333333333334;111.0
313;160;0.14027777777777778;202.0
314;160;0.7055555555555556;1016.0
315;160;0.6340277777777777;913.0
316;160;10.090.277.777.777.700;1453.0
317;160;10.034.722.222.222.200;1445.0
318;160;0.6305555555555555;908.0
319;160;0.4548611111111111;655.0
320;165;1.117.361.111.111.110;1609.0
321;165;18.319.444.444.444.400;2638.0
322;165;10.194.444.444.444.400;1468.0
323;165;0.9375;1350.0
324;165;0.68125;981.0
325;165;10.486.111.111.111.100;1510.0
326;165;0.01736111111111111;25.0
327;165;0.9611111111111111;1384.0
328;165;0.6777777777777778;976.0
329;165;0.6444444444444445;928.0
330;170;0.24166666666666667;348.0
331;170;10.791.666.666.666.600;1554.0
332;170;0.6381944444444444;919.0
333;170;0.8097222222222222;1166.0
334;170;0.7152777777777778;1030.0
335;170;0.7465277777777778;1075.0
336;170;0.6958333333333333;1002.0
337;170;0.6909722222222222;995.0
338;170;0.9083333333333333;1308.0
339;170;0.05069444444444444;73.0
340;175;2.703.472.222.222.220;3893.0
341;175;0.1375;198.0
342;175;16.430.555.555.555.500;2366.0
343;175;0.7145833333333333;1029.0
344;175;0.6951388888888889;1001.0
345;175;0.8090277777777778;1165.0
346;175;0.8326388888888889;1199.0
347;175;0.7;1008.0
348;175;0.7888888888888889;1136.0
349;175;0.7736111111111111;1114.0
350;180;0.03125;45.0
351;180;0.01458333333333333;21.0
352;180;0.6354166666666666;915.0
353;180;0.7472222222222222;1076.0
354;180;0.9666666666666667;1392.0
355;180;37.888.888.888.888.800;5456.0
356;180;0.8104166666666667;1167.0
357;180;0.90625;1305.0
358;180;0.6805555555555556;980.0
359;180;11.034.722.222.222.200;1589.0
360;185;0.7881944444444444;1135.0
361;185;0.7895833333333333;1137.0
362;185;0.7888888888888889;1136.0
363;185;0.9631944444444445;1387.0
364;185;0.8298611111111112;1195.0
365;185;16.319.444.444.444.400;2350.0
366;185;0.2048611111111111;295.0
367;185;0.17708333333333334;255.0
368;185;0.7416666666666667;1068.0
369;185;17.868.055.555.555.500;2573.0
370;190;0.8173611111111111;1177.0
371;190;0.7930555555555555;1142.0
372;190;0.7743055555555556;1115.0
373;190;0.8159722222222222;1175.0
374;190;0.6611111111111111;952.0
375;190;0.23125;333.0
376;190;0.76875;1107.0
377;190;16.888.888.888.888.800;2432.0
378;190;0.8631944444444445;1243.0
379;190;0.2263888888888889;326.0
380;195;0.23402777777777778;337.0
381;195;0.7298611111111111;1051.0
382;195;0.01388888888888889;20.0
383;195;0.7909722222222222;1139.0
384;195;0.02222222222222222;32.0
385;195;17.875;2574.0
386;195;0.06180555555555556;89.0
387;195;17.875;2574.0
388;195;19.722.222.222.222.200;2840.0
389;195;101.875;1467.0
390;200;0.7083333333333334;1020.0
391;200;0.6826388888888889;983.0
392;200;0.9090277777777778;1309.0
393;200;0.35208333333333336;507.0
394;200;0.8097222222222222;1166.0
395;200;196.875;2835.0
396;200;17.868.055.555.555.500;2573.0
397;200;0.7006944444444444;1009.0
398;200;0.8625;1242.0
399;200;0.06527777777777778;94.0
400;205;0.7736111111111111;1114.0
401;205;0.12291666666666666;177.0
402;205;0.7736111111111111;1114.0
403;205;0.7881944444444444;1135.0
404;205;0.9131944444444444;1315.0
405;205;0.06388888888888888;92.0
406;205;0.03472222222222222;50.0
407;205;0.16111111111111112;232.0
408;205;0.00347222222222222;5.0
409;205;2.786.111.111.111.110;4012.0
410;210;0.7923611111111111;1141.0
411;210;0.8284722222222223;1193.0
412;210;0.7319444444444444;1054.0
413;210;0.02569444444444444;37.0
414;210;0.6354166666666666;915.0
415;210;0.6159722222222223;887.0
416;210;0.03680555555555556;53.0
417;210;0.7090277777777778;1021.0
418;210;0.7888888888888889;1136.0
419;210;0.08333333333333333;120.0
420;215;0.69375;999.0
421;215;0.66875;963.0
422;215;0.7861111111111111;1132.0
423;215;0.7861111111111111;1132.0
424;215;16.131.944.444.444.400;2323.0
425;215;0.23333333333333334;336.0
426;215;0.02777777777777778;40.0
427;215;0.6965277777777777;1003.0
428;215;18.270.833.333.333.300;2631.0
429;215;0.9111111111111111;1312.0
430;220;0.7604166666666666;1095.0
431;220;0.7854166666666667;1131.0
432;220;17.854.166.666.666.600;2571.0
433;220;0.2298611111111111;331.0
434;220;0.8180555555555555;1178.0
435;220;0.6631944444444444;955.0
436;220;0.6340277777777777;913.0
437;220;0.6881944444444444;991.0
438;220;0.7902777777777777;1138.0
439;220;0.6868055555555556;989.0
440;225;0.7430555555555556;1070.0
441;225;0.9138888888888889;1316.0
442;225;0.8576388888888888;1235.0
443;225;0.9104166666666667;1311.0
444;225;0.7847222222222222;1130.0
445;225;0.24583333333333332;354.0
446;225;0.7895833333333333;1137.0
447;225;0.0375;54.0
448;225;0.7583333333333333;1092.0
449;225;0.2013888888888889;290.0
450;230;11.229.166.666.666.600;1617.0
451;230;0.9229166666666667;1329.0
452;230;0.7847222222222222;1130.0
453;230;0.86875;1251.0
454;230;0.7430555555555556;1070.0
455;230;0.6430555555555556;926.0
456;230;0.7881944444444444;1135.0
457;230;0.02361111111111111;34.0
458;230;0.7861111111111111;1132.0
459;230;0.01111111111111111;16.0
460;235;0.07013888888888889;101.0
461;235;0.6854166666666667;987.0
462;235;0.6805555555555556;980.0
463;235;0.975;1404.0
464;235;0.6513888888888889;938.0
465;235;0.24861111111111112;358.0
466;235;0.7520833333333333;1083.0
467;235;0.7618055555555555;1097.0
468;235;0.6645833333333333;957.0
469;235;0.6826388888888889;983.0
470;240;0.8583333333333333;1236.0
471;240;0.7423611111111111;1069.0
472;240;0.8083333333333333;1164.0
473;240;0.8208333333333333;1182.0
474;240;0.5854166666666667;843.0
475;240;0.7180555555555556;1034.0
476;240;0.9298611111111111;1339.0
477;240;0.9048611111111111;1303.0
478;240;0.6277777777777778;904.0
479;240;0.9895833333333334;1425.0
480;245;0.7736111111111111;1114.0
481;245;0.21944444444444444;316.0
482;245;0.6520833333333333;939.0
483;245;0.03055555555555555;44.0
484;245;0.6645833333333333;957.0
485;245;0.01041666666666667;15.0
486;245;0.7833333333333333;1128.0
487;245;10.805.555.555.555.500;1556.0
488;245;0.6666666666666666;960.0
489;245;17.597.222.222.222.200;2534.0
490;250;0.9291666666666667;1338.0
491;250;0.6756944444444445;973.0
492;250;0.8277777777777777;1192.0
493;250;0.75625;1089.0
494;250;0.04166666666666666;60.0
495;250;119.375;1719.0
496;250;0.70625;1017.0
497;250;0.03541666666666667;51.0
498;250;0.9347222222222222;1346.0
499;250;0.6770833333333334;975.0
500;255;0.03125;45.0
501;255;10.520.833.333.333.300;1515.0
502;255;0.04097222222222222;59.0
503;255;0.0798611111111111;115.0
504;255;0.7611111111111111;1096.0
505;255;0.03958333333333333;57.0
506;255;0.7083333333333334;1020.0
507;255;0.7604166666666666;1095.0
508;255;0.1986111111111111;286.0
509;255;0.00277777777777778;4.0
510;260;10.659.722.222.222.200;1535.0
511;260;0.8284722222222223;1193.0
512;260;0.8347222222222223;1202.0
513;260;10.395.833.333.333.300;1497.0
514;260;0.7569444444444444;1090.0
515;260;0.65;936.0
516;260;0.6958333333333333;1002.0
517;260;0.7034722222222223;1013.0
518;260;19.854.166.666.666.600;2859.0
519;260;0.6770833333333334;975.0
520;265;0.09722222222222222;140.0
521;265;0.7069444444444445;1018.0
522;265;0.02361111111111111;34.0
523;265;0.07361111111111111;106.0
524;265;16.645.833.333.333.300;2397.0
525;265;17.819.444.444.444.400;2566.0
526;265;0.8236111111111111;1186.0
527;265;0.6854166666666667;987.0
528;265;0.8965277777777778;1291.0
529;265;0.6819444444444445;982.0
530;270;0.6819444444444445;982.0
531;270;0.69375;999.0
532;270;0.7083333333333334;1020.0
533;270;0.8881944444444444;1279.0
534;270;0.19791666666666666;285.0
535;270;0.7847222222222222;1130.0
536;270;0.9333333333333333;1344.0
537;270;0.06041666666666667;87.0
538;270;0.60625;873.0
539;270;0.7618055555555555;1097.0
540;275;0.6680555555555555;962.0
541;275;0.7520833333333333;1083.0
542;275;0.22916666666666666;330.0
543;275;0.00416666666666667;6.0
544;275;0.7680555555555556;1106.0
545;275;0.6902777777777778;994.0
546;275;0.7020833333333333;1011.0
547;275;0.7388888888888889;1064.0
548;275;0.6854166666666667;987.0
549;275;0.8638888888888889;1244.0
550;280;16.909.722.222.222.200;2435.0
551;280;0.04722222222222222;68.0
552;280;0.01319444444444444;19.0
553;280;0.7631944444444444;1099.0
554;280;0.05625;81.0
555;280;0.9208333333333333;1326.0
556;280;0.12013888888888889;173.0
557;280;0.8583333333333333;1236.0
558;280;0.8215277777777777;1183.0
559;280;0.4534722222222222;653.0
560;285;0.7076388888888889;1019.0
561;285;0.00833333333333333;12.0
562;285;0.6694444444444444;964.0
563;285;0.8215277777777777;1183.0
564;285;0.68125;981.0
565;285;0.7826388888888889;1127.0
566;285;0.7569444444444444;1090.0
567;285;0.8118055555555556;1169.0
568;285;0.66875;963.0
569;285;0.6277777777777778;904.0
570;290;0.7854166666666667;1131.0
571;290;0.02638888888888889;38.0
572;290;0.14791666666666667;213.0
573;290;0.01041666666666667;15.0
574;290;0.00416666666666667;6.0
575;290;13.458.333.333.333.300;1938.0
576;290;0.125;180.0
577;290;0.05;72.0
578;290;0.02361111111111111;34.0
579;290;0.6458333333333334;930.0
580;295;0.02638888888888889;38.0
581;295;0.7666666666666667;1104.0
582;295;0.9333333333333333;1344.0
583;295;0.6680555555555555;962.0
584;295;0.01388888888888889;20.0
585;295;0.8625;1242.0
586;295;0.8909722222222223;1283.0
587;295;0.03194444444444444;46.0
588;295;0.7201388888888889;1037.0
589;295;0.6486111111111111;934.0
590;300;0.00347222222222222;5.0
591;300;0.01111111111111111;16.0
592;300;0.6736111111111112;970.0
593;300;0.5652777777777778;814.0
594;300;0.7020833333333333;1011.0
595;300;0.4597222222222222;662.0
596;300;0.07847222222222222;113.0
597;300;0.7055555555555556;1016.0
598;300;0.6729166666666667;969.0
599;300;0.7541666666666667;1086.0
600;305;0.12916666666666668;186.0
601;305;0.7944444444444444;1144.0
602;305;0.00625;9.0
603;305;0.7368055555555556;1061.0
604;305;0.6868055555555556;989.0
605;305;0.05555555555555555;80.0
606;305;0.9701388888888889;1397.0
607;305;0.00902777777777778;13.0
608;305;0.68125;981.0
609;305;0.00972222222222222;14.0
610;310;0.12916666666666668;186.0
611;310;0.6791666666666667;978.0
612;310;0.74375;1071.0
613;310;0.23402777777777778;337.0
614;310;1.679.861.111.111.110;2419.0
615;310;0.11180555555555556;161.0
616;310;0.7361111111111112;1060.0
617;310;0.6604166666666667;951.0
618;310;0.8027777777777778;1156.0
619;310;0.8194444444444444;1180.0
620;315;0.64375;927.0
621;315;0.6902777777777778;994.0
622;315;0.03611111111111111;52.0
623;315;0.22708333333333333;327.0
624;315;0.6965277777777777;1003.0
625;315;0.8506944444444444;1225.0
626;315;0.10833333333333334;156.0
627;315;0.8611111111111112;1240.0
628;315;0.00972222222222222;14.0
629;315;0.81875;1179.0
630;320;0.9451388888888889;1361.0
631;320;0.04652777777777778;67.0
632;320;0.00833333333333333;12.0
633;320;0.6125;882.0
634;320;0.6840277777777778;985.0
635;320;0.7784722222222222;1121.0
636;320;0.675;972.0
637;320;0.6972222222222222;1004.0
638;320;0.7875;1134.0
639;320;0.6180555555555556;890.0
640;325;0.19583333333333333;282.0
641;325;0.8243055555555555;1187.0
642;325;0.7388888888888889;1064.0
643;325;0.6895833333333333;993.0
644;325;10.243.055.555.555.500;1475.0
645;325;0.6506944444444445;937.0
646;325;0.6583333333333333;948.0
647;325;0.02569444444444444;37.0
648;325;149.375;2151.0
649;325;0.7729166666666667;1113.0
650;330;0.00763888888888889;11.0
651;330;10.576.388.888.888.800;1523.0
652;330;0.01805555555555555;26.0
653;330;0.7451388888888889;1073.0
654;330;0.68125;981.0
655;330;0.01944444444444444;28.0
656;330;0.7756944444444445;1117.0
657;330;0.01944444444444444;28.0
658;330;0.6631944444444444;955.0
659;330;0.6576388888888889;947.0
660;335;0.22847222222222222;329.0
661;335;0.03333333333333333;48.0
662;335;0.8173611111111111;1177.0
663;335;176.875;2547.0
664;335;0.19236111111111112;277.0
665;335;0.02777777777777778;40.0
666;335;0.00625;9.0
667;335;0.7284722222222222;1049.0
668;335;0.24513888888888888;353.0
669;335;0.01180555555555556;17.0
670;340;0.6354166666666666;915.0
671;340;0.7972222222222223;1148.0
672;340;0.03402777777777777;49.0
673;340;0.02361111111111111;34.0
674;340;0.6291666666666667;906.0
675;340;0.19166666666666668;276.0
676;340;0.03680555555555556;53.0
677;340;0.7583333333333333;1092.0
678;340;0.7111111111111111;1024.0
679;340;0.71875;1035.0
680;345;0.00625;9.0
681;345;1.6;2304.0
682;345;0.9381944444444444;1351.0
683;345;0.21805555555555556;314.0
684;345;0.8173611111111111;1177.0
685;345;0.01041666666666667;15.0
686;345;0.8166666666666667;1176.0
687;345;0.7194444444444444;1036.0
688;345;0.8131944444444444;1171.0
689;345;0.7055555555555556;1016.0
690;350;0.7;1008.0
691;350;0.7270833333333333;1047.0
692;350;0.6743055555555556;971.0
693;350;0.9444444444444444;1360.0
694;350;0.12777777777777777;184.0
695;350;0.00208333333333333;3.0
696;350;0.23472222222222222;338.0
697;350;0.7131944444444445;1027.0
698;350;0.7777777777777778;1120.0
699;350;0.7236111111111111;1042.0
700;355;0.6659722222222222;959.0
701;355;0.01805555555555555;26.0
702;355;0.8159722222222222;1175.0
703;355;0.6319444444444444;910.0
704;355;0.8180555555555555;1178.0
705;355;0.00555555555555556;8.0
706;355;0.7743055555555556;1115.0
707;355;0.8166666666666667;1176.0
708;355;0.05486111111111111;79.0
709;355;0.7319444444444444;1054.0
710;360;0.7319444444444444;1054.0
711;360;0.02986111111111111;43.0
712;360;0.7736111111111111;1114.0
713;360;0.4465277777777778;643.0
714;360;0.6847222222222222;986.0
715;360;0.24166666666666667;348.0
716;360;0.7201388888888889;1037.0
717;360;0.8951388888888889;1289.0
718;360;0.6194444444444445;892.0
719;360;0.775;1116.0
720;365;0.6826388888888889;983.0
721;365;0.01041666666666667;15.0
722;365;0.00833333333333333;12.0
723;365;0.7736111111111111;1114.0
724;365;0.6777777777777778;976.0
725;365;0.74375;1071.0
726;365;0.2125;306.0
727;365;0.6631944444444444;955.0
728;365;0.06597222222222222;95.0
729;365;18.145.833.333.333.300;2613.0
730;370;0.00763888888888889;11.0
731;370;16.256.944.444.444.400;2341.0
732;370;0.00208333333333333;3.0
733;370;0.23541666666666666;339.0
734;370;0.02847222222222222;41.0
735;370;0.09305555555555556;134.0
736;370;0.18888888888888888;272.0
737;370;0.7319444444444444;1054.0
738;370;0.6930555555555555;998.0
739;370;0.7826388888888889;1127.0
740;375;0.7895833333333333;1137.0
741;375;0.6305555555555555;908.0
742;375;0.7166666666666667;1032.0
743;375;0.1111111111111111;160.0
744;375;0.6597222222222222;950.0
745;375;0.20347222222222222;293.0
746;375;0.7993055555555556;1151.0
747;375;0.7013888888888888;1010.0
748;375;0.6715277777777777;967.0
749;375;0.7722222222222223;1112.0
750;380;0.11458333333333333;165.0
751;380;0.6458333333333334;930.0
752;380;0.18819444444444444;271.0
753;380;0.00555555555555556;8.0
754;380;0.03819444444444445;55.0
755;380;0.6256944444444444;901.0
756;380;0.6680555555555555;962.0
757;380;0.6777777777777778;976.0
758;380;0.6854166666666667;987.0
759;380;0.7666666666666667;1104.0
760;385;0.7402777777777778;1066.0
761;385;0.8131944444444444;1171.0
762;385;0.6256944444444444;901.0
763;385;0.675;972.0
764;385;0.6736111111111112;970.0
765;385;0.6805555555555556;980.0
766;385;0.08194444444444444;118.0
767;385;0.21180555555555555;305.0
768;385;0.6965277777777777;1003.0
769;385;0.7708333333333334;1110.0
770;390;0.00902777777777778;13.0
771;390;0.00486111111111111;7.0
772;390;0.22777777777777777;328.0
773;390;0.7708333333333334;1110.0
774;390;0.01736111111111111;25.0
775;390;0.6256944444444444;901.0
776;390;0.04930555555555555;71.0
777;390;0.12222222222222222;176.0
778;390;0.5958333333333333;858.0
779;390;0.7069444444444445;1018.0
780;395;0.03680555555555556;53.0
781;395;0.01458333333333333;21.0
782;395;0.04236111111111111;61.0
783;395;0.5583333333333333;804.0
784;395;0.7819444444444444;1126.0
785;395;0.5965277777777778;859.0
786;395;0.16180555555555556;233.0
787;395;0.7055555555555556;1016.0
788;395;0.18680555555555556;269.0
789;395;0.20972222222222223;302.0
790;400;0.02083333333333333;30.0
791;400;0.00416666666666667;6.0
792;400;0.07777777777777778;112.0
793;400;0.16041666666666668;231.0
794;400;0.7402777777777778;1066.0
795;400;0.19791666666666666;285.0
796;400;0.8840277777777777;1273.0
797;400;0.7166666666666667;1032.0
798;400;0.8097222222222222;1166.0
799;400;16.347.222.222.222.200;2354.0
800;405;0.18888888888888888;272.0
801;405;0.3576388888888889;515.0
802;405;0.86875;1251.0
803;405;0.05277777777777778;76.0
804;405;0.6736111111111112;970.0
805;405;0.7680555555555556;1106.0
806;405;0.60625;873.0
807;405;0.8354166666666667;1203.0
808;405;0.00694444444444444;10.0
809;405;0.7291666666666666;1050.0
810;410;0.7819444444444444;1126.0
811;410;0.7395833333333334;1065.0
812;410;0.2111111111111111;304.0
813;410;0.7430555555555556;1070.0
814;410;0.6069444444444444;874.0
815;410;0.22291666666666668;321.0
816;410;10.472.222.222.222.200;1508.0
817;410;0.6743055555555556;971.0
818;410;0.01041666666666667;15.0
819;410;0.7368055555555556;1061.0
820;415;0.6854166666666667;987.0
821;415;0.8104166666666667;1167.0
822;415;0.7208333333333333;1038.0
823;415;0.12708333333333333;183.0
824;415;0.6708333333333333;966.0
825;415;0.6131944444444445;883.0
826;415;0.7569444444444444;1090.0
827;415;0.7013888888888888;1010.0
828;415;0.02013888888888889;29.0
829;415;0.7263888888888889;1046.0
830;420;0.7520833333333333;1083.0
831;420;0.7090277777777778;1021.0
832;420;0.7868055555555555;1133.0
833;420;0.22777777777777777;328.0
834;420;0.21388888888888888;308.0
835;420;0.06458333333333334;93.0
836;420;0.7305555555555555;1052.0
837;420;0.01041666666666667;15.0
838;420;0.6645833333333333;957.0
839;420;0.2263888888888889;326.0
840;425;10.270.833.333.333.300;1479.0
841;425;0.8097222222222222;1166.0
842;425;0.7138888888888889;1028.0
843;425;0.7333333333333333;1056.0
844;425;0.7138888888888889;1028.0
845;425;0.6430555555555556;926.0
846;425;0.6319444444444444;910.0
847;425;0.7416666666666667;1068.0
848;425;0.7270833333333333;1047.0
849;425;0.6256944444444444;901.0
850;430;0.00833333333333333;12.0
851;430;0.7673611111111112;1105.0
852;430;0.8090277777777778;1165.0
853;430;0.11388888888888889;164.0
854;430;0.6923611111111111;997.0
855;430;0.06388888888888888;92.0
856;430;0.13680555555555557;197.0
857;430;0.7034722222222223;1013.0
858;430;0.02916666666666667;42.0
859;430;0.6722222222222223;968.0
860;435;0.6805555555555556;980.0
861;435;0.6979166666666666;1005.0
862;435;0.18333333333333332;264.0
863;435;0.7034722222222223;1013.0
864;435;0.6798611111111111;979.0
865;435;0.02986111111111111;43.0
866;435;0.8493055555555555;1223.0
867;435;0.7090277777777778;1021.0
868;435;0.01180555555555556;17.0
869;435;0.04375;63.0
870;440;0.08958333333333333;129.0
871;440;0.6527777777777778;940.0
872;440;0.04583333333333333;66.0
873;440;0.11388888888888889;164.0
874;440;0.7645833333333333;1101.0
875;440;0.21944444444444444;316.0
876;440;0.6472222222222223;932.0
877;440;0.7666666666666667;1104.0
878;440;0.7256944444444444;1045.0
879;440;0.01597222222222222;23.0
880;445;0.8270833333333333;1191.0
881;445;0.05486111111111111;79.0
882;445;0.24444444444444444;352.0
883;445;0.6798611111111111;979.0
884;445;0.7243055555555555;1043.0
885;445;0.5875;846.0
886;445;0.18263888888888888;263.0
887;445;0.7145833333333333;1029.0
888;445;0.21805555555555556;314.0
889;445;0.6833333333333333;984.0
890;450;0.7916666666666666;1140.0
891;450;0.6333333333333333;912.0
892;450;0.03541666666666667;51.0
893;450;0.8006944444444445;1153.0
894;450;0.7465277777777778;1075.0
895;450;0.8486111111111111;1222.0
896;450;0.8236111111111111;1186.0
897;450;0.03888888888888889;56.0
898;450;0.8069444444444445;1162.0
899;450;0.01388888888888889;20.0
900;455;0.7013888888888888;1010.0
901;455;0.6826388888888889;983.0
902;455;0.6888888888888889;992.0
903;455;0.05625;81.0
904;455;0.0125;18.0
905;455;0.7076388888888889;1019.0
906;455;0.7652777777777777;1102.0
907;455;0.18194444444444444;262.0
908;455;0.6486111111111111;934.0
909;455;0.6006944444444444;865.0
910;460;0.05902777777777778;85.0
911;460;0.5791666666666667;834.0
912;460;0.0375;54.0
913;460;0.7236111111111111;1042.0
914;460;0.7645833333333333;1101.0
915;460;0.6604166666666667;951.0
916;460;0.7930555555555555;1142.0
917;460;0.9548611111111112;1375.0
918;460;0.8923611111111112;1285.0
919;460;0.4583333333333333;660.0
920;465;0.21666666666666667;312.0
921;465;0.6402777777777777;922.0
922;465;0.00833333333333333;12.0
923;465;0.18055555555555555;260.0
924;465;0.9694444444444444;1396.0
925;465;10.631.944.444.444.400;1531.0
926;465;0.7875;1134.0
927;465;0.01458333333333333;21.0
928;465;0.7430555555555556;1070.0
929;465;0.6694444444444444;964.0
930;470;0.6625;954.0
931;470;0.6840277777777778;985.0
932;470;0.225;324.0
933;470;0.65;936.0
934;470;0.9104166666666667;1311.0
935;470;0.21388888888888888;308.0
936;470;0.01736111111111111;25.0
937;470;0.725;1044.0
938;470;18.284.722.222.222.200;2633.0
939;470;0.21736111111111112;313.0
940;475;0.8041666666666667;1158.0
941;475;0.7208333333333333;1038.0
942;475;0.8243055555555555;1187.0
943;475;0.00833333333333333;12.0
944;475;0.7326388888888888;1055.0
945;475;0.80625;1161.0
946;475;0.6930555555555555;998.0
947;475;0.6701388888888888;965.0
948;475;0.00763888888888889;11.0
949;475;0.6256944444444444;901.0
950;480;0.6243055555555556;899.0
951;480;0.24513888888888888;353.0
952;480;0.7625;1098.0
953;480;0.16111111111111112;232.0
954;480;0.08194444444444444;118.0
955;480;0.7090277777777778;1021.0
956;480;0.17847222222222223;257.0
957;480;0.7618055555555555;1097.0
958;480;0.7388888888888889;1064.0
959;480;0.00972222222222222;14.0
960;485;0.01319444444444444;19.0
961;485;0.11458333333333333;165.0
962;485;0.6159722222222223;887.0
963;485;0.6076388888888888;875.0
964;485;0.65;936.0
965;485;0.17847222222222223;257.0
966;485;0.05972222222222223;86.0
967;485;0.6652777777777777;958.0
968;485;0.6451388888888889;929.0
969;485;0.7201388888888889;1037.0
970;490;0.6618055555555555;953.0
971;490;0.66875;963.0
972;490;0.03958333333333333;57.0
973;490;0.17777777777777778;256.0
974;490;0.7611111111111111;1096.0
975;490;0.6333333333333333;912.0
976;490;0.6673611111111111;961.0
977;490;0.13055555555555556;188.0
978;490;0.6125;882.0
979;490;0.8263888888888888;1190.0
980;495;0.02222222222222222;32.0
981;495;0.17777777777777778;256.0
982;495;0.7361111111111112;1060.0
983;495;0.6694444444444444;964.0
984;495;0.6909722222222222;995.0
985;495;0.6826388888888889;983.0
986;495;0.6333333333333333;912.0
987;495;0.00555555555555556;8.0
988;495;0.02083333333333333;30.0
989;495;0.20347222222222222;293.0
990;500;0.7194444444444444;1036.0
991;500;0.6305555555555555;908.0
992;500;0.8652777777777778;1246.0
993;500;0.6354166666666666;915.0
994;500;0.58125;837.0
995;500;0.11944444444444445;172.0
996;500;0.6041666666666666;870.0
997;500;0.7569444444444444;1090.0
998;500;0.6243055555555556;899.0
999;500;0.04861111111111111;70.0
1000;505;0.7027777777777777;1012.0
1001;505;0.8930555555555556;1286.0
1002;505;0.8673611111111111;1249.0
1003;505;0.6673611111111111;961.0
1004;505;0.9548611111111112;1375.0
1005;505;0.09513888888888888;137.0
1006;505;0.20416666666666666;294.0
1007;505;0.6798611111111111;979.0
1008;505;0.7597222222222222;1094.0
1009;505;0.6875;990.0
1010;510;0.6375;918.0
1011;510;0.7861111111111111;1132.0
1012;510;0.03194444444444444;46.0
1013;510;0.7923611111111111;1141.0
1014;510;0.13819444444444445;199.0
1015;510;0.8006944444444445;1153.0
1016;510;0.6277777777777778;904.0
1017;510;0.6736111111111112;970.0
1018;510;0.00763888888888889;11.0
1019;510;0.6770833333333334;975.0
1020;515;0.7256944444444444;1045.0
1021;515;0.2048611111111111;295.0
1022;515;0.6180555555555556;890.0
1023;515;0.7958333333333333;1146.0
1024;515;0.6416666666666667;924.0
1025;515;0.20625;297.0
1026;515;0.03958333333333333;57.0
1027;515;0.8979166666666667;1293.0
1028;515;0.20555555555555555;296.0
1029;515;0.6291666666666667;906.0
1030;520;0.7395833333333334;1065.0
1031;520;10.368.055.555.555.500;1493.0
1032;520;0.8;1152.0
1033;520;0.22708333333333333;327.0
1034;520;0.175;252.0
1035;520;0.7583333333333333;1092.0
1036;520;0.6020833333333333;867.0
1037;520;0.7520833333333333;1083.0
1038;520;0.6527777777777778;940.0
1039;520;0.02638888888888889;38.0
1040;525;0.6597222222222222;950.0
1041;525;0.7895833333333333;1137.0
1042;525;0.5645833333333333;813.0
1043;525;0.7;1008.0
1044;525;0.7993055555555556;1151.0
1045;525;0.6361111111111111;916.0
1046;525;0.7097222222222223;1022.0
1047;525;0.7;1008.0
1048;525;0.7152777777777778;1030.0
1049;525;0.7090277777777778;1021.0
1050;530;0.05138888888888889;74.0
1051;530;0.00833333333333333;12.0
1052;530;0.04375;63.0
1053;530;0.15;216.0
1054;530;0.6451388888888889;929.0
1055;530;0.6673611111111111;961.0
1056;530;0.6263888888888889;902.0
1057;530;0.8041666666666667;1158.0
1058;530;0.06458333333333334;93.0
1059;530;0.7152777777777778;1030.0
1060;535;0.6472222222222223;932.0
1061;535;0.6048611111111111;871.0
1062;535;0.6645833333333333;957.0
1063;535;10.152.777.777.777.700;1462.0
1064;535;0.00486111111111111;7.0
1065;535;0.6923611111111111;997.0
1066;535;0.00833333333333333;12.0
1067;535;0.75625;1089.0
1068;535;0.6472222222222223;932.0
1069;535;0.2111111111111111;304.0
1070;540;0.7847222222222222;1130.0
1071;540;0.00902777777777778;13.0
1072;540;0.9520833333333333;1371.0
1073;540;0.21805555555555556;314.0
1074;540;0.5673611111111111;817.0
1075;540;0.675;972.0
1076;540;0.01111111111111111;16.0
1077;540;0.17222222222222222;248.0
1078;540;0.64375;927.0
1079;540;0.5972222222222222;860.0
1080;545;0.6798611111111111;979.0
1081;545;0.84375;1215.0
1082;545;0.7243055555555555;1043.0
1083;545;0.70625;1017.0
1084;545;0.22013888888888888;317.0
1085;545;0.17222222222222222;248.0
1086;545;0.78125;1125.0
1087;545;0.02638888888888889;38.0
1088;545;0.7131944444444445;1027.0
1089;545;0.6833333333333333;984.0
1090;550;0.00902777777777778;13.0
1091;550;0.6590277777777778;949.0
1092;550;0.7083333333333334;1020.0
1093;550;0.05277777777777778;76.0
1094;550;0.6791666666666667;978.0
1095;550;0.6131944444444445;883.0
1096;550;0.5895833333333333;849.0
1097;550;0.2111111111111111;304.0
1098;550;0.6166666666666667;888.0
1099;550;0.7395833333333334;1065.0
1100;555;0.07569444444444444;109.0
1101;555;0.17152777777777778;247.0
1102;555;0.66875;963.0
1103;555;0.6902777777777778;994.0
1104;555;0.6847222222222222;986.0
1105;555;0.6131944444444445;883.0
1106;555;0.01458333333333333;21.0
1107;555;0.7444444444444445;1072.0
1108;555;0.17083333333333334;246.0
1109;555;0.6125;882.0
1110;560;0.7784722222222222;1121.0
1111;560;0.68125;981.0
1112;560;0.21666666666666667;312.0
1113;560;0.9083333333333333;1308.0
1114;560;0.03333333333333333;48.0
1115;560;0.01111111111111111;16.0
1116;560;0.6277777777777778;904.0
1117;560;0.6208333333333333;894.0
1118;560;0.01458333333333333;21.0
1119;560;0.7534722222222222;1085.0
1120;565;0.65625;945.0
1121;565;0.6875;990.0
1122;565;0.6048611111111111;871.0
1123;565;0.3472222222222222;500.0
1124;565;0.6340277777777777;913.0
1125;565;0.6826388888888889;983.0
1126;565;0.6048611111111111;871.0
1127;565;0.2152777777777778;310.0
1128;565;0.6388888888888888;920.0
1129;565;0.6770833333333334;975.0
1130;570;0.0125;18.0
1131;570;0.00902777777777778;13.0
1132;570;0.7875;1134.0
1133;570;0.5965277777777778;859.0
1134;570;0.7215277777777778;1039.0
1135;570;0.5861111111111111;844.0
1136;570;0.16944444444444445;244.0
1137;570;0.63125;909.0
1138;570;0.6930555555555555;998.0
1139;570;0.8472222222222222;1220.0
1140;575;0.6090277777777777;877.0
1141;575;0.6041666666666666;870.0
1142;575;0.04166666666666666;60.0
1143;575;0.70625;1017.0
1144;575;0.6118055555555556;881.0
1145;575;0.10555555555555556;152.0
1146;575;0.7104166666666667;1023.0
1147;575;0.16875;243.0
1148;575;0.0125;18.0
1149;575;0.02986111111111111;43.0
1150;580;0.7979166666666667;1149.0
1151;580;0.21458333333333332;309.0
1152;580;0.7888888888888889;1136.0
1153;580;0.6194444444444445;892.0
1154;580;0.01597222222222222;23.0
1155;580;0.7965277777777777;1147.0
1156;580;0.6555555555555556;944.0
1157;580;0.5881944444444445;847.0
1158;580;0.5840277777777778;841.0
1159;580;0.01597222222222222;23.0
1160;585;0.7743055555555556;1115.0
1161;585;0.19305555555555556;278.0
1162;585;0.7097222222222223;1022.0
1163;585;0.7013888888888888;1010.0
1164;585;0.8840277777777777;1273.0
1165;585;0.58125;837.0
1166;585;0.03333333333333333;48.0
1167;585;0.7291666666666666;1050.0
1168;585;0.02013888888888889;29.0
1169;585;0.6201388888888889;893.0
1170;590;0.11736111111111111;169.0
1171;590;0.6868055555555556;989.0
1172;590;0.6576388888888889;947.0
1173;590;0.1673611111111111;241.0
1174;590;0.6875;990.0
1175;590;0.00763888888888889;11.0
1176;590;0.6430555555555556;926.0
1177;590;0.6729166666666667;969.0
1178;590;0.7923611111111111;1141.0
1179;590;0.7590277777777777;1093.0
1180;595;0.6909722222222222;995.0
1181;595;0.71875;1035.0
1182;595;0.6479166666666667;933.0
1183;595;0.5798611111111112;835.0
1184;595;0.1736111111111111;250.0
1185;595;0.6041666666666666;870.0
1186;595;0.12152777777777778;175.0
1187;595;0.20555555555555555;296.0
1188;595;0.9180555555555555;1322.0
1189;595;0.9416666666666667;1356.0
1190;600;0.03263888888888889;47.0
1191;600;0.6291666666666667;906.0
1192;600;0.6159722222222223;887.0
1193;600;0.59375;855.0
1194;600;0.03541666666666667;51.0
1195;600;0.20833333333333334;300.0
1196;600;0.00555555555555556;8.0
1197;600;0.7131944444444445;1027.0
1198;600;0.7118055555555556;1025.0
1199;600;0.00763888888888889;11.0
1200;605;0.8395833333333333;1209.0
1201;605;0.2076388888888889;299.0
1202;605;0.6875;990.0
1203;605;0.5895833333333333;849.0
1204;605;0.7909722222222222;1139.0
1205;605;0.7444444444444445;1072.0
1206;605;0.7243055555555555;1043.0
1207;605;0.00625;9.0
1208;605;0.6659722222222222;959.0
1209;605;0.00972222222222222;14.0
1210;610;0.7034722222222223;1013.0
1211;610;0.7069444444444445;1018.0
1212;610;0.7979166666666667;1149.0
1213;610;0.09444444444444444;136.0
1214;610;0.6291666666666667;906.0
1215;610;0.20347222222222222;293.0
1216;610;0.03263888888888889;47.0
1217;610;0.6951388888888889;1001.0
1218;610;0.6680555555555555;962.0
1219;610;0.00902777777777778;13.0
1220;615;0.7826388888888889;1127.0
1221;615;0.5944444444444444;856.0
1222;615;0.6777777777777778;976.0
1223;615;0.6569444444444444;946.0
1224;615;0.21041666666666667;303.0
1225;615;0.04444444444444445;64.0
1226;615;0.00972222222222222;14.0
1227;615;0.70625;1017.0
1228;615;0.6055555555555555;872.0
1229;615;0.7472222222222222;1076.0
1230;620;0.65625;945.0
1231;620;0.6416666666666667;924.0
1232;620;0.03402777777777777;49.0
1233;620;0.00833333333333333;12.0
1234;620;0.01805555555555555;26.0
1235;620;0.6590277777777778;949.0
1236;620;0.7861111111111111;1132.0
1237;620;0.7902777777777777;1138.0
1238;620;0.1638888888888889;236.0
1239;620;0.5881944444444445;847.0
1240;625;0.6402777777777777;922.0
1241;625;0.6236111111111111;898.0
1242;625;0.02291666666666667;33.0
1243;625;0.11527777777777778;166.0
1244;625;0.1986111111111111;286.0
1245;625;0.7145833333333333;1029.0
1246;625;0.6895833333333333;993.0
1247;625;0.7125;1026.0
1248;625;0.6041666666666666;870.0
1249;625;0.64375;927.0
1250;630;0.6569444444444444;946.0
1251;630;0.175;252.0
1252;630;0.675;972.0
1253;630;0.10625;153.0
1254;630;0.06666666666666667;96.0
1255;630;0.5979166666666667;861.0
1256;630;0.05069444444444444;73.0
1257;630;0.5777777777777777;832.0
1258;630;0.00486111111111111;7.0
1259;630;0.6111111111111112;880.0
1260;635;0.6694444444444444;964.0
1261;635;0.1625;234.0
1262;635;0.6520833333333333;939.0
1263;635;0.9;1296.0
1264;635;0.1625;234.0
1265;635;0.01875;27.0
1266;635;0.00555555555555556;8.0
1267;635;0.1625;234.0
1268;635;0.02083333333333333;30.0
1269;635;0.6840277777777778;985.0
1270;640;0.00763888888888889;11.0
1271;640;0.6097222222222223;878.0
1272;640;0.02013888888888889;29.0
1273;640;0.7451388888888889;1073.0
1274;640;0.07777777777777778;112.0
1275;640;0.19791666666666666;285.0
1276;640;0.5875;846.0
1277;640;0.05625;81.0
1278;640;0.6770833333333334;975.0
1279;640;0.6472222222222223;932.0
1280;645;0.7451388888888889;1073.0
1281;645;0.6958333333333333;1002.0
1282;645;0.6520833333333333;939.0
1283;645;0.01805555555555555;26.0
1284;645;0.6027777777777777;868.0
1285;645;0.5965277777777778;859.0
1286;645;0.7048611111111112;1015.0
1287;645;0.16111111111111112;232.0
1288;645;0.2076388888888889;299.0
1289;645;0.6263888888888889;902.0
1290;650;0.7861111111111111;1132.0
1291;650;0.8347222222222223;1202.0
1292;650;0.7777777777777778;1120.0
1293;650;0.02986111111111111;43.0
1294;650;0.6701388888888888;965.0
1295;650;0.7944444444444444;1144.0
1296;650;0.6694444444444444;964.0
1297;650;0.01736111111111111;25.0
1298;650;0.00972222222222222;14.0
1299;650;0.68125;981.0
1300;655;0.5895833333333333;849.0
1301;655;0.6361111111111111;916.0
1302;655;0.5847222222222223;842.0
1303;655;0.7111111111111111;1024.0
1304;655;0.5798611111111112;835.0
1305;655;0.00694444444444444;10.0
1306;655;0.6534722222222222;941.0
1307;655;0.6770833333333334;975.0
1308;655;0.5645833333333333;813.0
1309;655;0.02013888888888889;29.0
1310;660;0.6708333333333333;966.0
1311;660;0.1597222222222222;230.0
1312;660;0.58125;837.0
1313;660;0.15208333333333332;219.0
1314;660;0.6104166666666667;879.0
1315;660;0.6263888888888889;902.0
1316;660;0.1597222222222222;230.0
1317;660;0.9375;1350.0
1318;660;0.15902777777777777;229.0
1319;660;0.7826388888888889;1127.0
1320;665;0.7423611111111111;1069.0
1321;665;0.7006944444444444;1009.0
1322;665;0.5805555555555556;836.0
1323;665;0.9166666666666666;1320.0
1324;665;10.291.666.666.666.600;1482.0
1325;665;0.02916666666666667;42.0
1326;665;0.15833333333333333;228.0
1327;665;0.6888888888888889;992.0
1328;665;0.6513888888888889;938.0
1329;665;0.7048611111111112;1015.0
1330;670;0.6513888888888889;938.0
1331;670;0.0125;18.0
1332;670;0.5798611111111112;835.0
1333;670;0.7833333333333333;1128.0
1334;670;0.15763888888888888;227.0
1335;670;0.6284722222222222;905.0
1336;670;0.7854166666666667;1131.0
1337;670;0.6875;990.0
1338;670;0.58125;837.0
1339;670;0.6180555555555556;890.0
1340;675;0.6152777777777778;886.0
1341;675;0.5930555555555556;854.0
1342;675;0.6645833333333333;957.0
1343;675;0.7409722222222223;1067.0
1344;675;0.60625;873.0
1345;675;0.5680555555555555;818.0
1346;675;0.15694444444444444;226.0
1347;675;0.6972222222222222;1004.0
1348;675;0.6791666666666667;978.0
1349;675;0.6527777777777778;940.0
1350;680;0.6659722222222222;959.0
1351;680;0.00902777777777778;13.0
1352;680;0.5923611111111111;853.0
1353;680;0.03263888888888889;47.0
1354;680;0.6069444444444444;874.0
1355;680;0.6118055555555556;881.0
1356;680;0.5958333333333333;858.0
1357;680;0.15625;225.0
1358;680;0.5701388888888889;821.0
1359;680;0.00277777777777778;4.0
1360;685;0.6569444444444444;946.0
1361;685;0.6597222222222222;950.0
1362;685;0.7659722222222223;1103.0
1363;685;0.74375;1071.0
1364;685;0.01736111111111111;25.0
1365;685;0.02291666666666667;33.0
1366;685;0.6743055555555556;971.0
1367;685;0.8104166666666667;1167.0
1368;685;0.04652777777777778;67.0
1369;685;0.7041666666666667;1014.0
1370;690;0.6833333333333333;984.0
1371;690;0.00625;9.0
1372;690;0.02569444444444444;37.0
1373;690;0.6972222222222222;1004.0
1374;690;0.8020833333333334;1155.0
1375;690;0.03819444444444445;55.0
1376;690;0.75;1080.0
1377;690;0.6368055555555555;917.0
1378;690;0.7798611111111111;1123.0
1379;690;0.6402777777777777;922.0
1380;695;0.6076388888888888;875.0
1381;695;0.8145833333333333;1173.0
1382;695;0.19166666666666668;276.0
1383;695;0.6041666666666666;870.0
1384;695;0.1111111111111111;160.0
1385;695;0.00138888888888889;2.0
1386;695;0.6416666666666667;924.0
1387;695;0.04236111111111111;61.0
1388;695;0.15416666666666667;222.0
1389;695;0.6597222222222222;950.0
1390;700;0.7375;1062.0
1391;700;0.5736111111111111;826.0
1392;700;0.00138888888888889;2.0
1393;700;0.19930555555555557;287.0
1394;700;0.03680555555555556;53.0
1395;700;0.6083333333333333;876.0
1396;700;0.7375;1062.0
1397;700;0.6409722222222223;923.0
1398;700;0.6104166666666667;879.0
1399;700;0.7118055555555556;1025.0
1400;705;0.6645833333333333;957.0
1401;705;0.5354166666666667;771.0
1402;705;0.01666666666666667;24.0
1403;705;0.0798611111111111;115.0
1404;705;0.02847222222222222;41.0
1405;705;0.6840277777777778;985.0
1406;705;0.6423611111111112;925.0
1407;705;0.5826388888888889;839.0
1408;705;0.03055555555555555;44.0
1409;705;0.6284722222222222;905.0
1410;710;0.12152777777777778;175.0
1411;710;0.1527777777777778;220.0
1412;710;0.61875;891.0
1413;710;0.01458333333333333;21.0
1414;710;0.02708333333333333;39.0
1415;710;0.19722222222222222;284.0
1416;710;0.6479166666666667;933.0
1417;710;0.6243055555555556;899.0
1418;710;0.6784722222222223;977.0
1419;710;0.00694444444444444;10.0
1420;715;0.5875;846.0
1421;715;0.6513888888888889;938.0
1422;715;0.9347222222222222;1346.0
1423;715;0.6263888888888889;902.0
1424;715;0.5729166666666666;825.0
1425;715;0.03472222222222222;50.0
1426;715;0.00763888888888889;11.0
1427;715;0.02847222222222222;41.0
1428;715;0.7138888888888889;1028.0
1429;715;0.19166666666666668;276.0
1430;720;0.6006944444444444;865.0
1431;720;0.63125;909.0
1432;720;0.19722222222222222;284.0
1433;720;0.6791666666666667;978.0
1434;720;0.02569444444444444;37.0
1435;720;0.06944444444444445;100.0
1436;720;0.56875;819.0
1437;720;0.5611111111111111;808.0
1438;720;0.6958333333333333;1002.0
1439;720;0.23125;333.0
1440;725;0.7201388888888889;1037.0
1441;725;0.00555555555555556;8.0
1442;725;0.6159722222222223;887.0
1443;725;0.5826388888888889;839.0
1444;725;0.58125;837.0
1445;725;0.08541666666666667;123.0
1446;725;0.15069444444444444;217.0
1447;725;0.15069444444444444;217.0
1448;725;0.6020833333333333;867.0
1449;725;0.23333333333333334;336.0
1450;730;0.07291666666666667;105.0
1451;730;0.5708333333333333;822.0
1452;730;0.7048611111111112;1015.0
1453;730;0.18472222222222223;266.0
1454;730;0.6791666666666667;978.0
1455;730;0.5881944444444445;847.0
1456;730;0.6368055555555555;917.0
1457;730;0.08611111111111111;124.0
1458;730;0.01319444444444444;19.0
1459;730;0.00625;9.0
1460;735;0.15;216.0
1461;735;0.11805555555555555;170.0
1462;735;0.00833333333333333;12.0
1463;735;0.6125;882.0
1464;735;0.6409722222222223;923.0
1465;735;0.5680555555555555;818.0
1466;735;0.6923611111111111;997.0
1467;735;0.5909722222222222;851.0
1468;735;0.7222222222222222;1040.0
1469;735;0.14930555555555555;215.0
1470;740;0.6354166666666666;915.0
1471;740;0.6576388888888889;947.0
1472;740;0.00972222222222222;14.0
1473;740;0.6923611111111111;997.0
1474;740;0.05277777777777778;76.0
1475;740;0.14930555555555555;215.0
1476;740;0.01388888888888889;20.0
1477;740;0.00763888888888889;11.0
1478;740;0.7819444444444444;1126.0
1479;740;0.14930555555555555;215.0
1480;745;0.1875;270.0
1481;745;0.01111111111111111;16.0
1482;745;0.6208333333333333;894.0
1483;745;0.18819444444444444;271.0
1484;745;0.6590277777777778;949.0
1485;745;0.00416666666666667;6.0
1486;745;0.6298611111111111;907.0
1487;745;0.1486111111111111;214.0
1488;745;0.7756944444444445;1117.0
1489;745;0.05069444444444444;73.0
1490;750;0.73125;1053.0
1491;750;0.00555555555555556;8.0
1492;750;0.7069444444444445;1018.0
1493;750;0.6118055555555556;881.0
1494;750;0.6243055555555556;899.0
1495;750;0.5840277777777778;841.0
1496;750;0.54375;783.0
1497;750;0.6951388888888889;1001.0
1498;750;0.19027777777777777;274.0
1499;750;0.01944444444444444;28.0
1500;755;0.6847222222222222;986.0
1501;755;0.7020833333333333;1011.0
1502;755;0.6638888888888889;956.0
1503;755;0.7048611111111112;1015.0
1504;755;0.63125;909.0
1505;755;0.15555555555555556;224.0
1506;755;0.65;936.0
1507;755;0.02291666666666667;33.0
1508;755;0.04236111111111111;61.0
1509;755;0.5972222222222222;860.0
1510;760;0.1951388888888889;281.0
1511;760;0.7118055555555556;1025.0
1512;760;0.6555555555555556;944.0
1513;760;0.6222222222222222;896.0
1514;760;0.5972222222222222;860.0
1515;760;0.7409722222222223;1067.0
1516;760;0.00555555555555556;8.0
1517;760;0.6847222222222222;986.0
1518;760;17.777.777.777.777.700;2560.0
1519;760;0.00486111111111111;7.0
1520;765;0.18541666666666667;267.0
1521;765;0.5791666666666667;834.0
1522;765;0.6041666666666666;870.0
1523;765;0.5798611111111112;835.0
1524;765;0.5951388888888889;857.0
1525;765;0.6541666666666667;942.0
1526;765;0.6784722222222223;977.0
1527;765;0.14583333333333334;210.0
1528;765;0.775;1116.0
1529;765;0.5986111111111111;862.0
1530;770;0.6590277777777778;949.0
1531;770;0.6534722222222222;941.0
1532;770;104.375;1503.0
1533;770;0.18680555555555556;269.0
1534;770;0.6729166666666667;969.0
1535;770;0.60625;873.0
1536;770;0.6152777777777778;886.0
1537;770;0.7881944444444444;1135.0
1538;770;0.14444444444444443;208.0
1539;770;0.1763888888888889;254.0
1540;775;0.6423611111111112;925.0
1541;775;0.7020833333333333;1011.0
1542;775;0.5854166666666667;843.0
1543;775;0.6708333333333333;966.0
1544;775;0.5826388888888889;839.0
1545;775;0.00555555555555556;8.0
1546;775;0.1736111111111111;250.0
1547;775;0.5652777777777778;814.0
1548;775;0.14375;207.0
1549;775;0.5875;846.0
1550;780;0.5881944444444445;847.0
1551;780;0.6854166666666667;987.0
1552;780;0.01041666666666667;15.0
1553;780;0.14375;207.0
1554;780;0.6236111111111111;898.0
1555;780;0.04722222222222222;68.0
1556;780;0.02986111111111111;43.0
1557;780;0.14583333333333334;210.0
1558;780;0.6694444444444444;964.0
1559;780;0.05;72.0
1560;785;0.7319444444444444;1054.0
1561;785;0.7263888888888889;1046.0
1562;785;0.6777777777777778;976.0
1563;785;0.6902777777777778;994.0
1564;785;0.5701388888888889;821.0
1565;785;0.5715277777777777;823.0
1567;785;0.01875;27.0
1568;785;0.7152777777777778;1030.0
1569;785;0.5590277777777778;805.0
1570;790;0.7243055555555555;1043.0
1571;790;0.575;828.0
1572;790;0.5680555555555555;818.0
1573;790;0.01527777777777778;22.0
1574;790;0.0798611111111111;115.0
1575;790;0.5833333333333334;840.0
1576;790;0.03125;45.0
1577;790;0.14027777777777778;202.0
1578;790;16.465.277.777.777.700;2371.0
1579;790;0.14027777777777778;202.0
1580;795;0.17222222222222222;248.0
1581;795;0.07222222222222222;104.0
1582;795;0.58125;837.0
1583;795;0.7201388888888889;1037.0
1584;795;0.6701388888888888;965.0
1585;795;0.00763888888888889;11.0
1586;795;0.6784722222222223;977.0
1587;795;0.00694444444444444;10.0
1588;795;0.17916666666666667;258.0
1589;795;0.03402777777777777;49.0
1590;800;0.60625;873.0
1591;800;0.6409722222222223;923.0
1592;800;0.1701388888888889;245.0
1593;800;0.0125;18.0
1594;800;0.5791666666666667;834.0
1595;800;0.7090277777777778;1021.0
1596;800;0.5965277777777778;859.0
1597;800;0.18055555555555555;260.0
1598;800;0.7013888888888888;1010.0
1599;800;0.5791666666666667;834.0
1600;805;0.5895833333333333;849.0
1601;805;0.9125;1314.0
1602;805;0.6041666666666666;870.0
1603;805;0.6291666666666667;906.0
1604;805;0.6152777777777778;886.0
1605;805;0.6145833333333334;885.0
1606;805;0.7145833333333333;1029.0
1607;805;0.02361111111111111;34.0
1608;805;0.675;972.0
1609;805;0.5694444444444444;820.0
1610;810;0.5861111111111111;844.0
1611;810;0.6729166666666667;969.0
1612;810;0.7625;1098.0
1613;810;0.7694444444444445;1108.0
1614;810;0.7756944444444445;1117.0
1615;810;0.0798611111111111;115.0
1616;810;0.1375;198.0
1617;810;0.0875;126.0
1618;810;0.6875;990.0
1619;810;0.05625;81.0
1620;815;0.6673611111111111;961.0
1621;815;0.17152777777777778;247.0
1622;815;0.7118055555555556;1025.0
1623;815;0.55625;801.0
1624;815;0.05208333333333334;75.0
1625;815;0.6784722222222223;977.0
1626;815;0.5854166666666667;843.0
1627;815;0.1361111111111111;196.0
1628;815;0.9277777777777778;1336.0
1629;815;0.07152777777777777;103.0
1630;820;0.17430555555555555;251.0
1631;820;0.6277777777777778;904.0
1632;820;0.17430555555555555;251.0
1633;820;0.5881944444444445;847.0
1634;820;0.06805555555555555;98.0
1635;820;0.6118055555555556;881.0
1636;820;0.6166666666666667;888.0
1637;820;0.13541666666666666;195.0
1638;820;0.09930555555555555;143.0
1639;820;15.916.666.666.666.600;2292.0
1640;825;0.175;252.0
1641;825;0.5229166666666667;753.0
1642;825;0.13472222222222222;194.0
1643;825;0.01319444444444444;19.0
1644;825;0.6756944444444445;973.0
1645;825;0.6743055555555556;971.0
1646;825;0.13472222222222222;194.0
1647;825;0.01597222222222222;23.0
1648;825;0.7680555555555556;1106.0
1649;825;0.13819444444444445;199.0
1650;830;0.13402777777777777;193.0
1651;830;0.60625;873.0
1652;830;0.6027777777777777;868.0
1653;830;0.1701388888888889;245.0
1654;830;0.02847222222222222;41.0
1655;830;0.00833333333333333;12.0
1656;830;0.7152777777777778;1030.0
1657;830;0.5993055555555555;863.0
1658;830;0.13402777777777777;193.0
1659;830;0.5979166666666667;861.0
1660;835;0.7131944444444445;1027.0
1661;835;0.5652777777777778;814.0
1662;835;0.5743055555555555;827.0
1663;835;0.6027777777777777;868.0
1664;835;0.5708333333333333;822.0
1665;835;0.5847222222222223;842.0
1666;835;0.18194444444444444;262.0
1667;835;0.13333333333333333;192.0
1668;835;0.1326388888888889;191.0
1669;835;0.6576388888888889;947.0
1670;840;0.7076388888888889;1019.0
1671;840;0.6604166666666667;951.0
1672;840;0.5993055555555555;863.0
1673;840;0.6270833333333333;903.0
1674;840;0.6069444444444444;874.0
1675;840;0.6034722222222222;869.0
1676;840;0.5979166666666667;861.0
1677;840;0.7569444444444444;1090.0
1678;840;0.5743055555555555;827.0
1679;840;0.6277777777777778;904.0
1680;845;0.00416666666666667;6.0
1681;845;0.59375;855.0
1682;845;0.6402777777777777;922.0
1683;845;0.13194444444444445;190.0
1684;845;0.6402777777777777;922.0
1685;845;0.7986111111111112;1150.0
1686;845;0.13194444444444445;190.0
1687;845;0.6576388888888889;947.0
1688;845;0.02222222222222222;32.0
1689;845;0.6201388888888889;893.0
1690;850;0.5576388888888889;803.0
1691;850;0.6097222222222223;878.0
1692;850;0.13125;189.0
1693;850;0.13402777777777777;193.0
1694;850;0.6180555555555556;890.0
1695;850;0.6013888888888889;866.0
1696;850;0.01180555555555556;17.0
1697;850;0.7881944444444444;1135.0
1698;850;0.16875;243.0
1699;850;0.6534722222222222;941.0
1700;855;0.1798611111111111;259.0
1701;855;0.5819444444444445;838.0
1702;855;0.7840277777777778;1129.0
1703;855;0.6027777777777777;868.0
1704;855;0.5576388888888889;803.0
1705;855;0.03541666666666667;51.0
1706;855;0.6756944444444445;973.0
1707;855;0.7763888888888889;1118.0
1708;855;0.5534722222222223;797.0
1709;855;0.5541666666666667;798.0
1710;860;0.7416666666666667;1068.0
1711;860;0.6138888888888889;884.0
1712;860;0.6284722222222222;905.0
1713;860;0.05972222222222223;86.0
1714;860;0.04375;63.0
1715;860;0.1673611111111111;241.0
1716;860;0.5597222222222222;806.0
1717;860;0.12916666666666668;186.0
1718;860;0.53125;765.0
1719;860;0.7222222222222222;1040.0
1720;865;0.1798611111111111;259.0
1721;865;0.6;864.0
1722;865;0.16944444444444445;244.0
1723;865;0.5854166666666667;843.0
1724;865;0.6256944444444444;901.0
1725;865;0.5333333333333333;768.0
1726;865;0.12916666666666668;186.0
1727;865;0.6180555555555556;890.0
1728;865;0.12291666666666666;177.0
1729;865;0.12986111111111112;187.0
1730;870;0.6138888888888889;884.0
1731;870;0.01388888888888889;20.0
1732;870;0.1284722222222222;185.0
1733;870;0.5611111111111111;808.0
1734;870;0.6201388888888889;893.0
1735;870;0.7298611111111111;1051.0
1736;870;0.1284722222222222;185.0
1737;870;0.5243055555555556;755.0
1738;870;0.5513888888888889;794.0
1739;870;0.5756944444444444;829.0
1740;875;0.5798611111111112;835.0
1741;875;0.60625;873.0
1742;875;0.66875;963.0
1743;875;0.15416666666666667;222.0
1744;875;0.7527777777777778;1084.0
1745;875;0.6645833333333333;957.0
1746;875;0.175;252.0
1747;875;0.12777777777777777;184.0
1748;875;0.17777777777777778;256.0
1749;875;0.5673611111111111;817.0
1750;880;0.7722222222222223;1112.0
1751;880;0.5729166666666666;825.0
1752;880;0.5513888888888889;794.0
1753;880;0.01111111111111111;16.0
1754;880;0.5826388888888889;839.0
1755;880;0.15833333333333333;228.0
1756;880;0.575;828.0
1757;880;0.5722222222222222;824.0
1758;880;0.5333333333333333;768.0
1759;880;0.5770833333333333;831.0
1760;885;0.02708333333333333;39.0
1761;885;0.6034722222222222;869.0
1762;885;0.8736111111111111;1258.0
1763;885;0.00833333333333333;12.0
1764;885;0.6125;882.0
1765;885;0.13055555555555556;188.0
1766;885;0.12638888888888888;182.0
1767;885;0.6916666666666667;996.0
1768;885;0.15069444444444444;217.0
1769;885;0.7715277777777778;1111.0
1770;890;0.7090277777777778;1021.0
1771;890;0.00833333333333333;12.0
1772;890;0.12569444444444444;181.0
1773;890;0.15625;225.0
1774;890;0.00347222222222222;5.0
1775;890;0.78125;1125.0
1776;890;0.15416666666666667;222.0
1777;890;0.03819444444444445;55.0
1778;890;0.9340277777777778;1345.0
1779;890;0.5715277777777777;823.0
1780;895;0.58125;837.0
1781;895;0.5895833333333333;849.0
1782;895;0.13819444444444445;199.0
1783;895;0.6819444444444445;982.0
1784;895;0.12430555555555556;179.0
1785;895;0.03402777777777777;49.0
1786;895;0.6277777777777778;904.0
1787;895;0.03611111111111111;52.0
1788;895;0.5868055555555556;845.0
1789;895;0.12361111111111112;178.0
1790;900;0.6229166666666667;897.0
1791;900;0.1284722222222222;185.0
1792;900;0.6770833333333334;975.0
1793;900;0.12361111111111112;178.0
1794;900;0.12361111111111112;178.0
1795;900;0.59375;855.0
1796;900;0.7368055555555556;1061.0
1797;900;0.7798611111111111;1123.0
1798;900;0.125;180.0
1799;900;0.5972222222222222;860.0
1800;905;0.5847222222222223;842.0
1801;905;0.70625;1017.0
1802;905;0.7013888888888888;1010.0
1803;905;0.12291666666666666;177.0
1804;905;0.6152777777777778;886.0
1805;905;0.7131944444444445;1027.0
1806;905;0.8666666666666667;1248.0
1807;905;0.12361111111111112;178.0
1808;905;0.025;36.0
1809;905;0.00763888888888889;11.0
1810;910;0.12222222222222222;176.0
1811;910;0.12361111111111112;178.0
1812;910;0.5875;846.0
1813;910;0.5680555555555555;818.0
1814;910;0.5736111111111111;826.0
1815;910;0.56875;819.0
1816;910;0.5736111111111111;826.0
1817;910;0.5847222222222223;842.0
1818;910;0.01180555555555556;17.0
1819;910;0.5993055555555555;863.0
1820;915;0.6861111111111111;988.0
1821;915;0.8930555555555556;1286.0
1822;915;0.7006944444444444;1009.0
1823;915;0.12152777777777778;175.0
1824;915;0.5979166666666667;861.0
1825;915;0.6243055555555556;899.0
1826;915;0.5277777777777778;760.0
1827;915;0.6152777777777778;886.0
1828;915;0.5555555555555556;800.0
1829;915;0.6652777777777777;958.0
1830;920;0.15347222222222223;221.0
1831;920;0.01111111111111111;16.0
1832;920;0.6118055555555556;881.0
1833;920;0.8583333333333333;1236.0
1834;920;0.12916666666666668;186.0
1835;920;0.5541666666666667;798.0
1836;920;0.5354166666666667;771.0
1837;920;0.6631944444444444;955.0
1838;920;0.5958333333333333;858.0
1839;920;0.12152777777777778;175.0
1840;925;0.01875;27.0
1841;925;0.55;792.0
1842;925;0.6611111111111111;952.0
1843;925;0.5576388888888889;803.0
1844;925;0.11944444444444445;172.0
1845;925;0.12013888888888889;173.0
1846;925;0.5645833333333333;813.0
1847;925;0.1673611111111111;241.0
1848;925;0.12291666666666666;177.0
1849;925;0.6090277777777777;877.0
1850;930;0.12430555555555556;179.0
1851;930;0.12291666666666666;177.0
1852;930;0.5743055555555555;827.0
1853;930;0.5881944444444445;847.0
1854;930;0.15763888888888888;227.0
1855;930;0.12222222222222222;176.0
1856;930;0.5569444444444445;802.0
1857;930;0.15833333333333333;228.0
1858;930;0.6625;954.0
1859;930;0.16180555555555556;233.0
1860;935;0.01875;27.0
1861;935;0.5513888888888889;794.0
1862;935;0.5909722222222222;851.0
1863;935;0.12152777777777778;175.0
1864;935;0.02430555555555556;35.0
1865;935;0.03333333333333333;48.0
1866;935;0.15833333333333333;228.0
1867;935;0.15416666666666667;222.0
1868;935;0.6659722222222222;959.0
1869;935;0.11805555555555555;170.0
1870;940;0.14652777777777778;211.0
1871;940;0.6951388888888889;1001.0
1872;940;0.6715277777777777;967.0
1873;940;0.5909722222222222;851.0
1874;940;0.03055555555555555;44.0
1875;940;0.6027777777777777;868.0
1876;940;0.6638888888888889;956.0
1877;940;0.5819444444444445;838.0
1878;940;0.5930555555555556;854.0
1879;940;0.6270833333333333;903.0
1880;945;0.5527777777777778;796.0
1881;945;0.13680555555555557;197.0
1882;945;0.12013888888888889;173.0
1883;945;0.6229166666666667;897.0
1884;945;0.6361111111111111;916.0
1885;945;0.5666666666666667;816.0
1886;945;0.12083333333333333;174.0
1887;945;0.5590277777777778;805.0
1888;945;0.5666666666666667;816.0
1889;945;0.1597222222222222;230.0
1890;950;0.6409722222222223;923.0
1891;950;0.5673611111111111;817.0
1892;950;0.11666666666666667;168.0
1893;950;0.5715277777777777;823.0
1894;950;0.6527777777777778;940.0
1895;950;0.59375;855.0
1896;950;0.11597222222222223;167.0
1897;950;0.11597222222222223;167.0
1898;950;0.5611111111111111;808.0
1899;950;0.5673611111111111;817.0
1900;955;0.7298611111111111;1051.0
1901;955;0.53125;765.0
1902;955;0.5680555555555555;818.0
1903;955;0.6111111111111112;880.0
1904;955;0.11527777777777778;166.0
1905;955;0.5826388888888889;839.0
1906;955;0.01319444444444444;19.0
1907;955;0.5958333333333333;858.0
1908;955;0.12152777777777778;175.0
1909;955;0.10555555555555556;152.0
1910;960;0.6979166666666666;1005.0
1911;960;0.6930555555555555;998.0
1912;960;0.15625;225.0
1913;960;0.5604166666666667;807.0
1914;960;0.11736111111111111;169.0
1915;960;0.01041666666666667;15.0
1916;960;0.14305555555555555;206.0
1917;960;0.5833333333333334;840.0
1918;960;0.11458333333333333;165.0
1919;960;0.11875;171.0
1920;965;0.11458333333333333;165.0
1921;965;0.11458333333333333;165.0
1922;965;0.11736111111111111;169.0
1923;965;0.15625;225.0
1924;965;0.11736111111111111;169.0
1925;965;0.6486111111111111;934.0
1926;965;0.11527777777777778;166.0
1927;965;0.11388888888888889;164.0
1928;965;0.11388888888888889;164.0
1929;965;0.11944444444444445;172.0
1930;970;0.5722222222222222;824.0
1931;970;0.05416666666666667;78.0
1932;970;0.11388888888888889;164.0
1933;970;0.11805555555555555;170.0
1934;970;0.1527777777777778;220.0
1935;970;0.7388888888888889;1064.0
1936;970;0.5513888888888889;794.0
1937;970;0.63125;909.0
1938;970;0.6736111111111112;970.0
1939;970;0.6180555555555556;890.0
1940;975;0.11666666666666667;168.0
1941;975;0.5847222222222223;842.0
1942;975;0.11458333333333333;165.0
1943;975;0.15069444444444444;217.0
1944;975;0.5208333333333334;750.0
1945;975;0.11736111111111111;169.0
1946;975;0.6791666666666667;978.0
1947;975;0.5486111111111112;790.0
1948;975;0.6513888888888889;938.0
1949;975;0.6006944444444444;865.0
1950;980;0.6993055555555555;1007.0
1951;980;0.11388888888888889;164.0
1952;980;0.15694444444444444;226.0
1953;980;0.5881944444444445;847.0
1954;980;0.5708333333333333;822.0
1955;980;0.11666666666666667;168.0
1956;980;0.6006944444444444;865.0
1957;980;0.15416666666666667;222.0
1958;980;0.5583333333333333;804.0
1959;980;0.6208333333333333;894.0
1960;985;0.6013888888888889;866.0
1961;985;0.11805555555555555;170.0
1962;985;0.11805555555555555;170.0
1963;985;0.7833333333333333;1128.0
1964;985;0.1111111111111111;160.0
1965;985;0.5472222222222223;788.0
1966;985;0.6770833333333334;975.0
1967;985;0.1111111111111111;160.0
1968;985;0.6965277777777777;1003.0
1969;985;0.1125;162.0
1970;990;0.5395833333333333;777.0
1971;990;0.11180555555555556;161.0
1972;990;0.11458333333333333;165.0
1973;990;0.11180555555555556;161.0
1974;990;0.5319444444444444;766.0
1975;990;0.15833333333333333;228.0
1976;990;0.6;864.0
1977;990;0.00277777777777778;4.0
1978;990;0.11319444444444444;163.0
1979;990;0.5590277777777778;805.0
1980;995;0.4979166666666667;717.0
1981;995;0.11458333333333333;165.0
1982;995;0.10972222222222222;158.0
1983;995;0.5597222222222222;806.0
1984;995;0.6055555555555555;872.0
1985;995;0.65625;945.0
1986;995;0.6048611111111111;871.0
1987;995;0.5902777777777778;850.0
1988;995;0.08541666666666667;123.0
1989;995;0.5541666666666667;798.0
1990;1000;0.14097222222222222;203.0
1991;1000;0.13819444444444445;199.0
1992;1000;0.5736111111111111;826.0
1993;1000;0.1111111111111111;160.0
1994;1000;0.6631944444444444;955.0
1995;1000;0.11388888888888889;164.0
1996;1000;0.15138888888888888;218.0
1997;1000;0.11041666666666666;159.0
1998;1000;0.10902777777777778;157.0
1999;1000;0.5701388888888889;821.0
